Respondent_ID,Q6_Fearful_Paranoid,Q4F_Vigilance,Q4G_Excitement,Q4B_Understanding_Criminals,Q4C_Understanding_Justice,Q17_Curiosity_Reasons,Q1_Consume_True_Crime,Q9_Media_Formats,Q9_Media_Formats_TV,Q9_Media_Formats_Podcasts,Q10_Frequency,Q13_Social_Consumption,Fear_Level,Curiosity_Level,Media_Consumption
1,3,4,1,2,5,5,1,2,0,1,4,2,2.6666666666666700,4.0,9
2,3,2,3,2,3,1,0,2,0,1,4,1,2.6666666666666700,2.0,7
3,2,4,4,1,2,3,0,1,1,0,5,1,3.3333333333333300,2.0,7
4,4,2,3,5,3,3,0,1,1,0,2,3,3.0,3.6666666666666700,6
5,1,2,1,4,1,2,0,1,1,0,2,3,1.3333333333333300,2.3333333333333300,6
6,2,5,4,2,5,4,0,1,1,0,4,2,3.6666666666666700,3.6666666666666700,7
7,2,4,3,3,1,1,1,1,1,0,3,2,3.0,1.6666666666666700,7
8,1,3,1,4,2,4,1,2,0,1,2,3,1.6666666666666700,3.3333333333333300,8
9,3,4,3,1,1,4,1,2,0,1,1,3,3.3333333333333300,2.0,7
10,2,5,5,3,4,4,1,2,0,1,1,3,4.0,3.6666666666666700,7
11,1,3,4,2,4,4,0,3,1,1,2,2,2.6666666666666700,3.3333333333333300,7
12,4,4,1,3,2,5,1,2,0,1,2,2,3.0,3.3333333333333300,7
13,5,1,4,1,4,3,0,2,0,1,3,2,3.3333333333333300,2.6666666666666700,7
14,5,3,2,5,2,1,0,3,1,1,4,2,3.3333333333333300,2.6666666666666700,9
15,2,1,3,2,1,4,1,2,0,1,3,3,2.0,2.3333333333333300,9
16,4,2,5,1,2,3,0,1,1,0,3,1,3.6666666666666700,2.0,5
17,3,4,5,2,2,2,0,1,1,0,5,2,4.0,2.0,8
18,1,5,5,2,5,1,1,3,1,1,4,3,3.6666666666666700,2.6666666666666700,11
19,4,5,3,3,1,5,1,2,0,1,5,3,4.0,3.0,11
20,1,3,4,2,5,4,1,1,1,0,3,3,2.6666666666666700,3.6666666666666700,8
21,3,3,4,3,4,5,0,3,1,1,5,3,3.3333333333333300,4.0,11
22,3,3,2,2,1,4,0,2,0,1,2,2,2.6666666666666700,2.3333333333333300,6
23,1,5,1,1,1,3,0,3,1,1,2,2,2.3333333333333300,1.6666666666666700,7
24,3,2,1,3,4,2,1,1,1,0,2,3,2.0,3.0,7
25,3,2,5,2,3,3,1,2,0,1,1,2,3.3333333333333300,2.6666666666666700,6
26,3,5,3,3,5,1,1,2,0,1,2,3,3.6666666666666700,3.0,8
27,4,4,1,4,1,2,1,1,1,0,1,1,3.0,2.3333333333333300,4
28,4,1,2,1,5,5,0,1,1,0,5,3,2.3333333333333300,3.6666666666666700,9
29,4,1,5,1,1,1,1,3,1,1,4,2,3.3333333333333300,1.0,10
30,4,3,1,1,3,2,0,2,0,1,1,2,2.6666666666666700,2.0,5
31,5,1,3,3,3,2,1,2,0,1,2,1,3.0,2.6666666666666700,6
32,1,4,2,2,4,5,1,3,1,1,1,3,2.3333333333333300,3.6666666666666700,8
33,1,2,2,4,4,3,1,2,0,1,3,1,1.6666666666666700,3.6666666666666700,7
34,1,5,2,5,5,2,1,1,1,0,3,2,2.6666666666666700,4.0,7
35,5,1,3,4,2,3,0,3,1,1,1,1,3.0,3.0,5
36,1,2,2,2,5,1,1,3,1,1,2,2,1.6666666666666700,2.6666666666666700,8
37,2,2,5,5,2,2,0,3,1,1,4,2,3.0,3.0,9
38,5,4,5,3,1,2,0,3,1,1,2,1,4.666666666666670,2.0,6
39,2,1,2,2,1,5,1,2,0,1,4,3,1.6666666666666700,2.6666666666666700,10
40,5,3,5,2,3,5,0,1,1,0,2,1,4.333333333333330,3.3333333333333300,4
41,5,1,4,1,4,1,1,2,0,1,5,2,3.3333333333333300,2.0,10
42,5,3,3,1,4,4,1,1,1,1,1,1,3.6666666666666700,3.0,4
43,1,1,4,3,1,1,1,3,1,1,5,1,2.0,1.6666666666666700,10
44,5,4,2,4,5,4,0,3,1,1,2,1,3.6666666666666700,4.333333333333330,6
45,2,5,5,2,4,3,1,1,1,0,1,3,4.0,3.0,6
46,4,2,3,3,2,3,1,3,1,1,2,3,3.0,2.6666666666666700,9
47,2,3,5,4,2,5,1,3,1,1,4,1,3.3333333333333300,3.6666666666666700,9
48,4,1,2,1,1,2,1,1,1,0,4,3,2.3333333333333300,1.3333333333333300,9
49,4,5,2,1,1,2,1,1,1,0,4,3,3.6666666666666700,1.3333333333333300,9
50,1,3,5,2,4,5,1,3,1,1,1,1,3.0,3.6666666666666700,6
51,4,5,4,5,3,1,1,3,1,1,3,1,4.333333333333330,3.0,8
52,1,5,1,2,4,3,0,1,1,0,3,1,2.3333333333333300,3.0,5
53,4,5,1,3,4,2,1,3,1,1,3,1,3.3333333333333300,3.0,8
54,3,4,3,2,5,3,0,1,1,0,3,3,3.3333333333333300,3.3333333333333300,7
55,5,1,5,3,5,4,1,2,0,1,1,2,3.6666666666666700,4.0,6
56,3,2,4,5,2,3,0,3,1,1,1,1,3.0,3.3333333333333300,5
57,5,5,4,3,1,4,0,3,1,1,5,2,4.666666666666670,2.6666666666666700,10
58,3,3,4,5,3,3,0,1,1,0,4,1,3.3333333333333300,3.6666666666666700,6
59,4,5,1,2,2,5,0,2,0,1,3,3,3.3333333333333300,3.0,8
60,3,1,5,1,3,2,1,3,1,1,1,2,3.0,2.0,7
61,5,1,2,4,5,4,0,2,0,1,1,3,2.6666666666666700,4.333333333333330,6
62,3,2,3,1,5,1,0,2,0,1,1,3,2.6666666666666700,2.3333333333333300,6
63,1,3,3,1,2,5,0,1,1,0,2,3,2.3333333333333300,2.6666666666666700,6
64,1,1,2,5,5,4,0,2,0,1,4,1,1.3333333333333300,4.666666666666670,7
65,3,4,5,3,1,5,1,3,1,1,1,1,4.0,3.0,6
66,1,3,2,3,5,3,1,1,1,0,3,1,2.0,3.6666666666666700,6
67,2,3,5,4,3,5,1,1,1,0,5,2,3.3333333333333300,4.0,9
68,4,1,1,2,5,3,0,1,1,0,4,1,2.0,3.3333333333333300,6
69,5,3,4,2,2,1,1,2,0,1,1,2,4.0,1.6666666666666700,6
70,4,4,4,4,5,3,1,1,1,0,1,3,4.0,4.0,6
71,2,1,5,2,5,1,0,1,1,0,3,3,2.6666666666666700,2.6666666666666700,7
72,5,3,2,1,2,4,0,3,1,1,4,3,3.3333333333333300,2.3333333333333300,10
73,5,1,2,4,5,2,0,2,0,1,3,2,2.6666666666666700,3.6666666666666700,7
74,1,5,3,1,1,5,1,2,0,1,1,2,3.0,2.3333333333333300,6
75,3,4,3,1,2,2,1,1,1,0,4,2,3.3333333333333300,1.6666666666666700,8
76,2,2,1,4,3,1,1,3,1,1,2,3,1.6666666666666700,2.6666666666666700,9
77,3,5,4,4,1,3,0,3,1,1,2,2,4.0,2.6666666666666700,7
78,2,1,3,5,2,2,1,3,1,1,1,3,2.0,3.0,8
79,1,1,1,4,4,1,1,3,1,1,3,2,1.0,3.0,9
80,1,5,2,4,3,1,1,1,1,0,3,1,2.6666666666666700,2.6666666666666700,6
81,4,3,3,1,3,4,0,1,1,0,5,2,3.3333333333333300,2.6666666666666700,8
82,5,3,4,1,5,1,1,3,1,1,4,1,4.0,2.3333333333333300,9
83,1,4,4,2,1,4,0,2,0,1,3,2,3.0,2.3333333333333300,7
84,1,2,4,4,3,4,0,3,1,1,1,1,2.3333333333333300,3.6666666666666700,5
85,2,3,2,3,2,4,1,2,0,1,3,2,2.3333333333333300,3.0,8
86,4,4,4,3,2,5,1,2,0,1,1,1,4.0,3.3333333333333300,5
87,3,2,1,3,1,3,0,3,1,1,2,3,2.0,2.3333333333333300,8
88,1,2,1,2,3,1,0,3,1,1,3,2,1.3333333333333300,2.0,8
89,1,2,3,3,1,5,1,1,1,0,2,3,2.0,3.0,7
90,3,2,1,5,4,2,1,2,0,1,5,1,2.0,3.6666666666666700,9
91,2,3,5,1,5,4,0,2,0,1,5,2,3.3333333333333300,3.3333333333333300,9
92,5,1,1,5,5,3,1,3,1,1,5,1,2.3333333333333300,4.333333333333330,10
93,1,1,2,2,1,5,1,3,1,1,3,2,1.3333333333333300,2.6666666666666700,9
94,3,3,2,5,1,5,0,2,0,1,1,3,2.6666666666666700,3.6666666666666700,6
95,4,5,1,5,5,3,1,1,1,0,2,3,3.3333333333333300,4.333333333333330,7
96,5,5,3,5,3,2,0,1,1,0,1,1,4.333333333333330,3.3333333333333300,3
97,3,4,5,3,1,2,1,3,1,1,1,1,4.0,2.0,6
98,1,3,3,2,5,3,1,1,0,1,3,1,2.3333333333333300,3.3333333333333300,6
99,5,3,5,2,1,1,0,2,0,1,1,3,4.333333333333330,1.3333333333333300,6
100,2,5,2,5,4,2,0,2,0,1,5,1,3.0,3.6666666666666700,8
101,2,5,3,1,5,1,0,3,1,1,3,1,3.3333333333333300,2.3333333333333300,7
102,4,4,1,4,3,5,0,1,1,0,3,1,3.0,4.0,5
103,5,4,5,2,1,3,0,2,0,1,3,3,4.666666666666670,2.0,8
104,2,3,5,4,4,3,1,2,0,1,1,2,3.3333333333333300,3.6666666666666700,6
105,3,1,2,2,4,1,0,2,0,1,1,2,2.0,2.3333333333333300,5
106,2,2,1,2,2,1,0,1,1,0,1,3,1.6666666666666700,1.6666666666666700,5
107,5,4,3,1,1,3,1,3,1,1,1,1,4.0,1.6666666666666700,6
108,5,5,2,3,2,5,0,2,0,1,1,3,4.0,3.3333333333333300,6
109,3,1,4,1,5,4,0,3,1,1,5,3,2.6666666666666700,3.3333333333333300,11
110,4,5,5,5,2,3,1,1,1,0,4,3,4.666666666666670,3.3333333333333300,9
111,1,5,2,1,4,4,0,2,0,1,2,1,2.6666666666666700,3.0,5
112,1,4,4,2,5,1,1,1,1,0,2,1,3.0,2.6666666666666700,5
113,2,1,4,2,3,4,1,1,1,0,2,2,2.3333333333333300,3.0,6
114,3,4,3,2,4,5,1,3,1,1,4,2,3.3333333333333300,3.6666666666666700,10
115,4,3,5,4,4,4,1,3,1,1,4,1,4.0,4.0,9
116,1,2,1,2,2,5,1,1,1,0,2,1,1.3333333333333300,3.0,5
117,1,2,1,5,2,5,0,1,1,0,2,2,1.3333333333333300,4.0,5
118,1,5,1,3,4,5,0,2,0,1,5,3,2.3333333333333300,4.0,10
119,5,4,4,3,2,3,0,3,1,1,2,3,4.333333333333330,2.6666666666666700,8
120,4,5,1,3,1,3,1,1,1,0,1,2,3.3333333333333300,2.3333333333333300,5
121,5,1,1,5,4,1,0,1,1,0,5,2,2.3333333333333300,3.3333333333333300,8
122,1,1,4,4,5,5,0,3,1,1,3,1,2.0,4.666666666666670,7
123,1,1,5,4,2,4,1,3,1,1,3,2,2.3333333333333300,3.3333333333333300,9
124,1,4,5,4,1,3,1,2,0,1,2,1,3.3333333333333300,2.6666666666666700,6
125,2,1,4,5,1,5,0,2,0,1,2,2,2.3333333333333300,3.6666666666666700,6
126,4,1,4,1,5,2,0,1,1,0,5,2,3.0,2.6666666666666700,8
127,5,1,4,4,1,4,0,3,1,1,1,3,3.3333333333333300,3.0,7
128,2,3,2,4,3,1,1,1,1,0,3,3,2.3333333333333300,2.6666666666666700,8
129,4,2,1,3,1,5,0,3,1,1,3,1,2.3333333333333300,3.0,7
130,5,1,2,1,1,2,0,1,1,0,1,2,2.6666666666666700,1.3333333333333300,4
131,2,1,4,4,1,4,1,2,0,1,1,2,2.3333333333333300,3.0,6
132,3,3,4,3,2,4,1,2,0,1,5,2,3.3333333333333300,3.0,10
133,2,4,5,2,5,1,1,3,1,1,2,1,3.6666666666666700,2.6666666666666700,7
134,3,5,2,2,2,3,0,1,1,0,4,3,3.3333333333333300,2.3333333333333300,8
135,2,1,1,2,3,2,0,3,1,1,1,3,1.3333333333333300,2.3333333333333300,7
136,2,2,3,3,4,5,1,3,1,1,5,1,2.3333333333333300,4.0,10
137,4,1,1,1,4,1,0,3,1,1,5,3,2.0,2.0,11
138,1,2,2,5,3,5,0,1,1,0,2,3,1.6666666666666700,4.333333333333330,6
139,4,4,3,4,5,4,1,3,1,1,3,2,3.6666666666666700,4.333333333333330,9
140,1,1,3,3,2,2,1,1,1,0,3,2,1.6666666666666700,2.3333333333333300,7
141,3,2,5,3,1,4,0,2,0,1,2,3,3.3333333333333300,2.6666666666666700,7
142,2,2,2,4,1,4,0,1,1,0,5,1,2.0,3.0,7
143,2,2,2,4,2,1,1,1,1,0,1,2,2.0,2.3333333333333300,5
144,5,4,4,3,5,1,1,2,0,1,3,3,4.333333333333330,3.0,9
145,4,4,5,2,3,1,1,1,1,0,2,2,4.333333333333330,2.0,6
146,3,2,2,2,2,2,1,1,1,0,3,3,2.3333333333333300,2.0,8
147,4,5,1,1,4,4,0,3,1,1,5,3,3.3333333333333300,3.0,11
148,3,3,5,4,4,3,1,3,1,1,4,2,3.6666666666666700,3.6666666666666700,10
149,1,2,1,1,2,4,1,1,1,0,5,3,1.3333333333333300,2.3333333333333300,10
150,4,1,2,1,5,3,0,1,1,0,1,3,2.3333333333333300,3.0,5
151,1,4,2,5,3,4,0,2,0,1,5,1,2.3333333333333300,4.0,8
152,2,5,3,3,2,3,1,3,1,1,4,3,3.3333333333333300,2.6666666666666700,11
153,1,1,3,1,3,4,0,1,1,0,3,3,1.6666666666666700,2.6666666666666700,7
154,2,3,5,2,2,5,0,2,0,1,2,1,3.3333333333333300,3.0,5
155,3,4,3,2,5,5,0,2,0,1,5,1,3.3333333333333300,4.0,8
156,5,2,3,3,5,4,0,1,1,0,4,1,3.3333333333333300,4.0,6
157,5,2,4,4,5,5,1,2,0,1,5,2,3.6666666666666700,4.666666666666670,10
158,5,1,5,1,1,5,0,3,1,1,1,3,3.6666666666666700,2.3333333333333300,7
159,3,2,2,3,1,1,1,3,1,1,3,3,2.3333333333333300,1.6666666666666700,10
160,3,2,1,1,1,4,1,2,0,1,3,1,2.0,2.0,7
161,5,5,2,3,3,1,1,2,0,1,2,1,4.0,2.3333333333333300,6
162,3,5,3,5,4,3,0,3,1,1,3,3,3.6666666666666700,4.0,9
163,5,2,1,2,4,4,1,3,1,1,4,1,2.6666666666666700,3.3333333333333300,9
164,1,3,4,3,4,2,0,3,1,1,4,2,2.6666666666666700,3.0,9
165,3,1,3,5,3,2,1,2,0,1,2,2,2.3333333333333300,3.3333333333333300,7
166,1,3,1,1,4,2,0,2,0,1,2,1,1.6666666666666700,2.3333333333333300,5
167,4,3,4,3,2,4,1,3,1,1,1,2,3.6666666666666700,3.0,7
168,1,2,2,4,3,2,0,1,1,0,5,2,1.6666666666666700,3.0,8
169,5,5,1,4,5,3,1,3,1,1,1,1,3.6666666666666700,4.0,6
170,2,1,5,1,2,2,1,2,0,1,1,2,2.6666666666666700,1.6666666666666700,6
171,3,1,2,2,3,4,1,2,0,1,1,1,2.0,3.0,5
172,2,2,5,3,5,1,1,1,1,0,4,2,3.0,3.0,8
173,2,3,5,1,2,4,0,1,1,0,2,3,3.3333333333333300,2.3333333333333300,6
174,1,3,4,3,2,4,1,2,0,1,5,3,2.6666666666666700,3.0,11
175,3,4,5,3,4,1,0,3,,,2,3,4.0,2.6666666666666700,8
176,5,3,2,2,5,4,0,2,0,1,1,2,3.3333333333333300,3.6666666666666700,5
177,4,5,4,5,5,3,1,2,0,1,4,3,4.333333333333330,4.333333333333330,10
178,1,3,4,3,5,3,0,1,1,0,1,3,2.6666666666666700,3.6666666666666700,5
179,1,1,1,2,5,2,0,1,1,0,4,1,1.0,3.0,6
180,4,5,2,2,2,5,0,3,,,3,1,3.6666666666666700,3.0,7
181,3,5,1,1,3,1,0,3,,,3,2,3.0,1.6666666666666700,8
182,3,3,4,2,4,4,1,2,0,1,4,1,3.3333333333333300,3.3333333333333300,8
183,1,4,2,1,5,3,1,3,,,5,2,2.3333333333333300,3.0,11
184,1,5,4,1,2,1,0,3,,,3,2,3.3333333333333300,1.3333333333333300,8
185,1,5,1,2,4,4,0,2,0,1,2,2,2.3333333333333300,3.3333333333333300,6
186,1,2,4,1,3,2,0,2,0,1,5,1,2.3333333333333300,2.0,8
187,4,1,2,4,5,3,0,3,,,3,2,2.3333333333333300,4.0,8
188,3,4,3,1,5,5,1,3,,,4,3,3.3333333333333300,3.6666666666666700,11
189,1,4,1,3,2,1,0,2,0,1,2,3,2.0,2.0,7
190,5,2,3,2,5,5,0,1,1,0,2,3,3.3333333333333300,4.0,6
191,3,2,1,3,2,1,0,2,0,1,4,3,2.0,2.0,9
192,2,1,1,1,1,5,1,2,0,1,3,3,1.3333333333333300,2.3333333333333300,9
193,5,4,1,3,4,2,0,2,0,1,2,2,3.3333333333333300,3.0,6
194,5,5,3,3,3,4,1,1,,,5,3,4.333333333333330,3.3333333333333300,10
195,5,1,3,4,5,1,0,3,,,5,2,3.0,3.3333333333333300,10
196,2,3,3,3,1,5,0,3,,,1,3,2.6666666666666700,3.0,7
197,1,4,2,1,4,2,0,3,,,3,3,2.3333333333333300,2.3333333333333300,9
198,1,5,1,1,4,5,1,2,0,1,4,2,2.3333333333333300,3.3333333333333300,9
199,1,3,2,5,3,4,1,2,0,1,3,1,2.0,4.0,7
200,4,3,4,4,3,3,0,1,1,0,3,3,3.6666666666666700,3.3333333333333300,7
201,1,5,4,2,2,5,0,1,1,0,5,1,3.3333333333333300,3.0,7
202,3,1,4,3,1,1,1,3,,,4,3,2.6666666666666700,1.6666666666666700,11
203,2,3,1,2,2,3,0,3,,,2,1,2.0,2.3333333333333300,6
204,3,3,2,2,2,2,1,3,,,1,2,2.6666666666666700,2.0,7
205,1,1,5,3,5,1,1,1,1,0,2,1,2.3333333333333300,3.0,5
206,1,5,5,3,2,4,0,3,,,3,3,3.6666666666666700,3.0,9
207,3,5,3,5,1,4,1,3,,,3,3,3.6666666666666700,3.3333333333333300,10
208,1,2,2,4,2,1,0,1,1,0,1,2,1.6666666666666700,2.3333333333333300,4
209,4,2,3,2,3,1,1,3,,,1,3,3.0,2.0,8
210,2,1,2,5,5,5,0,1,1,0,1,1,1.6666666666666700,5.0,3
211,3,3,2,5,5,4,1,3,,,2,3,2.6666666666666700,4.666666666666670,9
212,3,2,3,5,3,5,0,3,,,1,3,2.6666666666666700,4.333333333333330,7
213,3,4,5,1,2,5,1,3,,,5,2,4.0,2.6666666666666700,11
214,4,4,4,1,5,2,0,1,1,0,2,2,4.0,2.6666666666666700,5
215,2,2,4,1,2,3,1,2,0,1,3,2,2.6666666666666700,2.0,8
216,5,1,1,2,3,2,1,3,,,2,1,2.3333333333333300,2.3333333333333300,7
217,2,3,5,5,2,3,0,1,1,0,1,3,3.3333333333333300,3.3333333333333300,5
218,3,1,1,1,3,4,0,1,1,0,2,2,1.6666666666666700,2.6666666666666700,5
219,4,1,3,4,2,3,1,2,0,1,2,2,2.6666666666666700,3.0,7
220,1,3,4,3,1,5,0,2,0,1,3,3,2.6666666666666700,3.0,8
221,4,2,2,5,1,3,0,1,1,0,5,3,2.6666666666666700,3.0,9
222,5,5,1,4,5,2,1,1,1,0,4,2,3.6666666666666700,3.6666666666666700,8
223,4,4,4,1,1,4,1,1,1,0,5,1,4.0,2.0,8
224,3,2,5,3,5,1,0,2,0,1,3,3,3.3333333333333300,3.0,8
225,2,5,2,3,5,2,0,3,1,1,2,1,3.0,3.3333333333333300,6
226,4,2,5,2,1,1,0,3,1,1,1,2,3.6666666666666700,1.3333333333333300,6
227,3,4,1,3,3,1,1,3,1,1,5,2,2.6666666666666700,2.3333333333333300,11
228,1,5,2,3,1,2,1,3,1,1,1,1,2.6666666666666700,2.0,6
229,4,5,2,3,4,3,1,3,1,1,3,2,3.6666666666666700,3.3333333333333300,9
230,3,5,1,4,5,1,1,1,1,0,2,2,3.0,3.3333333333333300,6
231,2,4,5,4,1,4,0,2,0,1,2,1,3.6666666666666700,3.0,5
232,3,1,1,5,2,4,0,2,0,1,3,3,1.6666666666666700,3.6666666666666700,8
233,2,2,5,3,4,3,0,1,1,0,4,3,3.0,3.3333333333333300,8
234,5,2,1,3,3,5,1,2,0,1,4,3,2.6666666666666700,3.6666666666666700,10
235,1,1,1,2,4,1,1,3,1,1,2,3,1.0,2.3333333333333300,9
236,1,4,4,2,1,1,0,2,0,1,2,3,3.0,1.3333333333333300,7
237,2,4,4,4,4,1,0,1,1,0,2,2,3.3333333333333300,3.0,5
238,1,4,2,5,3,5,0,3,1,1,2,3,2.3333333333333300,4.333333333333330,8
239,4,2,1,1,4,1,1,1,1,0,2,2,2.3333333333333300,2.0,6
240,4,4,1,3,3,1,1,1,1,0,3,3,3.0,2.3333333333333300,8
241,1,2,2,3,3,4,1,2,0,1,4,3,1.6666666666666700,3.3333333333333300,10
242,1,5,2,1,2,5,1,3,1,1,4,1,2.6666666666666700,2.6666666666666700,9
243,4,4,4,3,4,1,0,2,0,1,1,3,4.0,2.6666666666666700,6
244,2,4,1,5,3,5,1,3,1,1,5,3,2.3333333333333300,4.333333333333330,12
245,1,5,1,3,2,3,0,1,1,0,3,1,2.3333333333333300,2.6666666666666700,5
246,5,2,2,1,2,4,1,3,1,1,4,1,3.0,2.3333333333333300,9
247,3,5,1,5,4,3,0,2,0,1,2,3,3.0,4.0,7
248,5,1,4,5,5,4,0,2,0,1,5,3,3.3333333333333300,4.666666666666670,10
249,5,5,5,2,3,1,0,2,0,1,2,1,5.0,2.0,5
250,2,2,5,5,4,5,0,3,1,1,1,1,3.0,4.666666666666670,5
251,1,1,4,2,2,5,0,1,1,0,2,3,2.0,3.0,6
252,1,5,5,2,2,4,1,2,0,1,1,2,3.6666666666666700,2.6666666666666700,6
253,3,1,4,5,2,3,1,1,1,0,4,1,2.6666666666666700,3.3333333333333300,7
254,4,4,2,1,1,2,1,2,0,1,1,2,3.3333333333333300,1.3333333333333300,6
255,2,3,2,5,3,4,0,3,1,1,1,1,2.3333333333333300,4.0,5
256,1,5,4,2,2,3,0,2,0,1,4,3,3.3333333333333300,2.3333333333333300,9
257,5,1,3,5,2,2,0,1,1,0,1,3,3.0,3.0,5
258,1,3,5,4,4,3,1,2,0,1,2,2,3.0,3.6666666666666700,7
259,2,1,4,2,3,4,0,1,1,0,2,2,2.3333333333333300,3.0,5
260,4,4,2,2,4,3,1,2,0,1,2,3,3.3333333333333300,3.0,8
261,1,2,1,1,1,5,0,2,0,1,1,3,1.3333333333333300,2.3333333333333300,6
262,2,3,5,2,5,3,0,1,1,0,1,1,3.3333333333333300,3.3333333333333300,3
263,4,2,3,1,4,1,1,2,0,1,4,2,3.0,2.0,9
264,4,1,2,3,3,1,1,1,1,0,1,2,2.3333333333333300,2.3333333333333300,5
265,1,3,1,4,2,2,0,1,1,0,4,2,1.6666666666666700,2.6666666666666700,7
266,4,4,5,1,4,1,0,3,1,1,1,3,4.333333333333330,2.0,7
267,3,2,1,2,3,4,0,2,0,1,2,3,2.0,3.0,7
268,1,5,4,4,5,4,1,3,1,1,5,2,3.3333333333333300,4.333333333333330,11
269,1,3,4,1,1,5,1,3,1,1,5,3,2.6666666666666700,2.3333333333333300,12
270,1,3,2,3,1,4,0,2,0,1,2,3,2.0,2.6666666666666700,7
271,3,5,3,2,3,1,0,1,1,0,1,3,3.6666666666666700,2.0,5
272,3,2,4,5,2,1,1,3,1,1,3,2,3.0,2.6666666666666700,9
273,2,2,4,2,5,3,1,2,0,1,1,1,2.6666666666666700,3.3333333333333300,5
274,4,3,4,1,1,2,0,2,0,1,4,2,3.6666666666666700,1.3333333333333300,8
275,1,3,1,2,1,3,1,1,1,0,5,2,1.6666666666666700,2.0,9
276,1,1,3,5,3,3,1,1,1,0,4,2,1.6666666666666700,3.6666666666666700,8
277,4,4,5,2,5,1,1,1,1,0,5,3,4.333333333333330,2.6666666666666700,10
278,3,5,2,2,2,1,1,3,1,1,4,3,3.3333333333333300,1.6666666666666700,11
279,2,1,2,1,2,3,1,2,0,1,4,3,1.6666666666666700,2.0,10
280,1,1,2,1,4,5,0,3,1,1,2,1,1.3333333333333300,3.3333333333333300,6
281,2,5,1,1,2,1,1,3,1,1,4,3,2.6666666666666700,1.3333333333333300,11
282,1,1,5,1,1,4,0,3,1,1,3,1,2.3333333333333300,2.0,7
283,3,5,5,1,4,1,0,2,0,1,2,3,4.333333333333330,2.0,7
284,2,4,3,1,5,4,1,2,0,1,5,2,3.0,3.3333333333333300,10
285,5,2,2,2,2,4,0,2,0,1,1,3,3.0,2.6666666666666700,6
286,4,1,4,5,2,1,0,2,0,1,3,3,3.0,2.6666666666666700,8
287,4,2,5,4,1,2,1,2,0,1,2,3,3.6666666666666700,2.3333333333333300,8
288,5,5,1,2,4,2,1,3,1,1,2,1,3.6666666666666700,2.6666666666666700,7
289,2,3,4,4,3,5,0,2,0,1,2,3,3.0,4.0,7
290,1,3,5,1,1,2,0,2,0,1,2,3,3.0,1.3333333333333300,7
291,1,2,2,2,5,3,0,2,0,1,4,2,1.6666666666666700,3.3333333333333300,8
292,2,1,5,4,4,2,1,2,0,1,4,3,2.6666666666666700,3.3333333333333300,10
293,1,2,5,2,2,4,1,1,1,0,1,3,2.6666666666666700,2.6666666666666700,6
294,2,1,1,1,5,1,1,3,1,1,5,3,1.3333333333333300,2.3333333333333300,12
295,3,3,3,5,5,3,1,2,0,1,5,2,3.0,4.333333333333330,10
296,4,5,2,4,3,3,1,2,0,1,5,2,3.6666666666666700,3.3333333333333300,10
297,2,4,5,1,1,4,1,1,1,0,2,1,3.6666666666666700,2.0,5
298,4,5,4,2,2,5,0,2,0,1,5,3,4.333333333333330,3.0,10
299,4,5,5,1,4,2,0,2,0,1,1,1,4.666666666666670,2.3333333333333300,4
300,3,5,4,3,2,1,0,1,1,0,4,3,4.0,2.0,8
301,5,1,1,3,2,3,1,3,1,1,4,1,2.3333333333333300,2.6666666666666700,9
302,4,5,2,3,2,3,0,1,1,0,3,3,3.6666666666666700,2.6666666666666700,7
303,3,5,1,5,4,4,1,2,0,1,1,1,3.0,4.333333333333330,5
304,1,5,3,3,5,4,0,1,1,0,1,3,3.0,4.0,5
305,5,1,3,2,4,5,0,2,0,1,3,1,3.0,3.6666666666666700,6
306,4,2,1,1,1,1,0,2,0,1,1,3,2.3333333333333300,1.0,6
307,4,2,1,3,4,5,0,3,1,1,4,1,2.3333333333333300,4.0,8
308,1,4,2,3,4,4,1,2,0,1,2,1,2.3333333333333300,3.6666666666666700,6
309,1,2,4,2,2,5,1,2,0,1,3,2,2.3333333333333300,3.0,8
310,5,3,5,1,5,1,0,2,0,1,4,1,4.333333333333330,2.3333333333333300,7
311,4,1,3,5,2,3,1,1,1,0,3,2,2.6666666666666700,3.3333333333333300,7
312,2,5,4,4,5,3,1,2,0,1,3,2,3.6666666666666700,4.0,8
313,5,3,4,4,3,4,0,1,1,0,2,2,4.0,3.6666666666666700,5
314,1,1,5,4,3,1,1,2,0,1,3,1,2.3333333333333300,2.6666666666666700,7
315,3,4,3,5,5,4,1,2,0,1,1,2,3.3333333333333300,4.666666666666670,6
316,1,4,3,5,4,1,1,1,1,0,3,1,2.6666666666666700,3.3333333333333300,6
317,3,4,4,4,2,5,1,1,1,0,5,1,3.6666666666666700,3.6666666666666700,8
318,4,2,4,3,5,3,0,2,0,1,5,1,3.3333333333333300,3.6666666666666700,8
319,1,1,2,1,4,4,0,3,1,1,5,1,1.3333333333333300,3.0,9
320,3,4,4,5,1,1,0,2,0,1,1,1,3.6666666666666700,2.3333333333333300,4
321,4,4,5,3,2,3,0,3,1,1,3,2,4.333333333333330,2.6666666666666700,8
322,4,1,2,1,4,3,0,1,1,0,2,1,2.3333333333333300,2.6666666666666700,4
323,3,5,1,1,1,2,0,2,0,1,2,2,3.0,1.3333333333333300,6
324,4,2,1,2,3,4,0,3,1,1,2,1,2.3333333333333300,3.0,6
325,3,2,1,4,3,2,1,1,1,0,5,1,2.0,3.0,8
326,1,3,2,3,3,1,0,2,0,1,4,2,2.0,2.3333333333333300,8
327,5,2,4,1,3,3,0,1,1,0,5,1,3.6666666666666700,2.3333333333333300,7
328,3,1,5,5,2,2,0,1,1,0,4,1,3.0,3.0,6
329,4,3,5,4,5,1,1,1,1,0,2,3,4.0,3.3333333333333300,7
330,4,4,3,5,4,3,0,1,1,0,4,3,3.6666666666666700,4.0,8
331,4,5,5,1,3,1,0,2,0,1,5,2,4.666666666666670,1.6666666666666700,9
332,2,3,1,4,4,2,0,2,0,1,4,1,2.0,3.3333333333333300,7
333,3,2,4,2,5,3,1,1,1,0,5,2,3.0,3.3333333333333300,9
334,4,5,3,4,1,4,1,3,1,1,3,3,4.0,3.0,10
335,1,4,3,5,2,5,0,1,1,0,2,3,2.6666666666666700,4.0,6
336,5,5,5,2,1,5,1,1,1,0,5,3,5.0,2.6666666666666700,10
337,4,2,3,3,3,1,1,3,1,1,5,1,3.0,2.3333333333333300,10
338,4,5,2,5,4,1,0,2,0,1,2,3,3.6666666666666700,3.3333333333333300,7
339,3,4,3,2,1,5,1,2,0,1,5,2,3.3333333333333300,2.6666666666666700,10
340,2,4,1,2,3,4,0,2,0,1,2,3,2.3333333333333300,3.0,7
341,3,3,2,3,1,4,1,3,1,1,1,1,2.6666666666666700,2.6666666666666700,6
342,2,3,4,2,4,4,0,1,1,0,4,2,3.0,3.3333333333333300,7
343,5,3,5,5,5,5,1,2,0,1,2,3,4.333333333333330,5.0,8
344,2,4,4,2,3,1,1,2,0,1,2,2,3.3333333333333300,2.0,7
345,4,2,3,2,3,5,1,1,1,0,5,2,3.0,3.3333333333333300,9
346,4,1,5,3,4,4,0,2,0,1,4,3,3.3333333333333300,3.6666666666666700,9
347,3,4,2,5,3,3,1,1,1,0,1,3,3.0,3.6666666666666700,6
348,5,5,5,4,4,3,0,1,1,0,2,2,5.0,3.6666666666666700,5
349,5,3,1,4,1,2,1,1,1,0,1,2,3.0,2.3333333333333300,5
350,4,5,3,1,3,2,1,2,0,1,5,2,4.0,2.0,10
351,2,2,3,1,5,2,0,2,0,1,4,3,2.3333333333333300,2.6666666666666700,9
352,1,1,4,1,5,1,0,2,0,1,3,2,2.0,2.3333333333333300,7
353,2,2,3,1,1,1,0,1,1,0,5,3,2.3333333333333300,1.0,9
354,1,2,4,3,3,1,1,3,1,1,5,2,2.3333333333333300,2.3333333333333300,11
355,2,4,2,2,4,4,0,1,1,0,5,3,2.6666666666666700,3.3333333333333300,9
356,1,3,2,4,4,4,1,2,0,1,3,2,2.0,4.0,8
357,3,1,2,1,2,4,0,3,1,1,3,3,2.0,2.3333333333333300,9
358,5,2,1,3,1,5,1,1,1,0,4,2,2.6666666666666700,3.0,8
359,2,4,3,1,5,5,1,3,1,1,4,2,3.0,3.6666666666666700,10
360,5,4,2,1,1,2,1,2,0,1,1,3,3.6666666666666700,1.3333333333333300,7
361,1,1,2,5,2,2,1,3,1,1,1,1,1.3333333333333300,3.0,6
362,1,2,2,5,3,1,1,1,1,0,4,1,1.6666666666666700,3.0,7
363,1,3,5,2,1,5,1,1,1,0,2,2,3.0,2.6666666666666700,6
364,2,2,2,4,2,3,1,3,1,1,3,2,2.0,3.0,9
365,4,2,2,5,1,2,0,1,1,0,5,3,2.6666666666666700,2.6666666666666700,9
366,4,4,5,4,1,2,0,1,1,0,2,2,4.333333333333330,2.3333333333333300,5
367,1,5,3,1,3,1,0,2,0,1,4,2,3.0,1.6666666666666700,8
368,5,1,3,2,4,4,0,3,1,1,3,3,3.0,3.3333333333333300,9
369,1,3,4,5,3,5,1,2,0,1,4,2,2.6666666666666700,4.333333333333330,9
370,5,1,4,4,5,5,1,2,0,1,5,1,3.3333333333333300,4.666666666666670,9
371,4,1,5,4,2,4,0,1,1,0,2,3,3.3333333333333300,3.3333333333333300,6
372,1,1,1,4,1,5,0,3,1,1,1,2,1.0,3.3333333333333300,6
373,1,5,3,1,4,1,1,3,1,1,4,1,3.0,2.0,9
374,2,3,3,2,4,4,0,1,1,0,3,2,2.6666666666666700,3.3333333333333300,6
375,4,2,5,5,5,5,1,1,1,0,2,1,3.6666666666666700,5.0,5
376,5,3,4,4,3,4,1,2,0,1,1,2,4.0,3.6666666666666700,6
377,5,1,1,5,2,4,0,3,1,1,3,3,2.3333333333333300,3.6666666666666700,9
378,4,2,1,2,3,5,1,2,0,1,5,2,2.3333333333333300,3.3333333333333300,10
379,4,1,5,2,1,4,1,2,0,1,5,3,3.3333333333333300,2.3333333333333300,11
380,2,4,4,2,2,4,1,1,1,0,4,2,3.3333333333333300,2.6666666666666700,8
381,2,1,5,4,3,2,0,2,0,1,4,1,2.6666666666666700,3.0,7
382,3,3,1,2,2,5,1,3,1,1,5,3,2.3333333333333300,3.0,12
383,5,1,2,3,3,1,1,1,1,0,1,3,2.6666666666666700,2.3333333333333300,6
384,4,4,4,5,3,3,0,3,1,1,3,3,4.0,3.6666666666666700,9
385,3,1,4,4,1,4,0,3,1,1,5,2,2.6666666666666700,3.0,10
386,5,1,3,3,4,1,1,1,1,0,5,3,3.0,2.6666666666666700,10
387,4,3,4,4,3,4,1,2,0,1,2,2,3.6666666666666700,3.6666666666666700,7
388,4,1,1,3,2,1,1,3,1,1,1,3,2.0,2.0,8
389,5,3,2,2,3,3,0,3,1,1,2,3,3.3333333333333300,2.6666666666666700,8
390,1,2,4,2,3,1,1,2,0,1,1,2,2.3333333333333300,2.0,6
391,4,1,4,2,5,2,1,1,1,0,3,3,3.0,3.0,8
392,5,1,1,4,1,4,1,3,1,1,5,2,2.3333333333333300,3.0,11
393,2,1,1,2,1,2,1,1,1,0,1,3,1.3333333333333300,1.6666666666666700,6
394,1,1,4,3,4,4,0,2,0,1,1,2,2.0,3.6666666666666700,5
395,2,1,5,3,3,1,1,1,1,0,1,1,2.6666666666666700,2.3333333333333300,4
396,1,4,5,5,2,4,1,1,1,0,1,2,3.3333333333333300,3.6666666666666700,5
397,4,4,4,4,4,2,1,1,1,0,4,3,4.0,3.3333333333333300,9
398,5,2,2,2,1,2,1,3,1,1,5,2,3.0,1.6666666666666700,11
399,5,4,1,3,3,2,1,3,1,1,4,2,3.3333333333333300,2.6666666666666700,10
400,4,4,1,3,5,2,0,1,1,0,5,1,3.0,3.3333333333333300,7
401,2,5,4,3,3,1,1,1,1,0,2,2,3.6666666666666700,2.3333333333333300,6
402,5,1,4,3,5,2,0,3,1,1,2,2,3.3333333333333300,3.3333333333333300,7
403,1,5,5,5,2,2,1,2,0,1,3,2,3.6666666666666700,3.0,8
404,4,3,4,3,1,1,0,3,1,1,3,3,3.6666666666666700,1.6666666666666700,9
405,2,2,3,1,1,4,0,3,1,1,1,1,2.3333333333333300,2.0,5
406,1,4,4,4,2,4,1,2,0,1,1,3,3.0,3.3333333333333300,7
407,5,5,1,1,5,3,0,1,1,0,5,2,3.6666666666666700,3.0,8
408,2,3,5,2,2,1,0,2,0,1,1,1,3.3333333333333300,1.6666666666666700,4
409,5,4,5,3,2,5,1,3,1,1,4,2,4.666666666666670,3.3333333333333300,10
410,4,3,1,3,4,4,1,1,1,0,2,1,2.6666666666666700,3.6666666666666700,5
411,5,5,2,2,1,3,1,1,1,0,1,3,4.0,2.0,6
412,4,3,3,5,1,3,1,1,1,0,1,2,3.3333333333333300,3.0,5
413,4,1,5,2,5,5,0,3,1,1,2,2,3.3333333333333300,4.0,7
414,1,1,5,1,5,5,0,3,1,1,5,3,2.3333333333333300,3.6666666666666700,11
415,5,4,5,5,4,3,0,1,1,0,1,3,4.666666666666670,4.0,5
416,5,4,5,2,2,1,1,1,1,0,1,1,4.666666666666670,1.6666666666666700,4
417,2,5,2,1,1,1,0,1,1,0,2,3,3.0,1.0,6
418,1,5,4,4,5,4,1,2,0,1,3,1,3.3333333333333300,4.333333333333330,7
419,1,2,2,5,1,5,0,3,1,1,1,1,1.6666666666666700,3.6666666666666700,5
420,3,1,2,5,1,2,1,1,1,0,1,1,2.0,2.6666666666666700,4
421,4,1,2,1,1,4,0,3,1,1,5,1,2.3333333333333300,2.0,9
422,4,2,5,2,3,5,1,1,1,0,3,1,3.6666666666666700,3.3333333333333300,6
423,4,1,5,2,1,1,1,3,1,1,2,3,3.3333333333333300,1.3333333333333300,9
424,2,2,2,5,5,4,0,2,0,1,1,1,2.0,4.666666666666670,4
425,5,5,1,1,1,2,0,2,0,1,3,3,3.6666666666666700,1.3333333333333300,8
426,2,2,1,1,5,3,0,3,1,1,4,3,1.6666666666666700,3.0,10
427,2,3,3,2,2,5,0,2,0,1,3,2,2.6666666666666700,3.0,7
428,3,4,5,1,3,4,1,3,1,1,5,1,4.0,2.6666666666666700,10
429,4,4,5,3,4,3,1,1,1,0,2,3,4.333333333333330,3.3333333333333300,7
430,2,5,2,2,5,1,1,1,1,0,4,1,3.0,2.6666666666666700,7
431,3,1,4,5,2,3,0,1,1,0,5,2,2.6666666666666700,3.3333333333333300,8
432,1,3,2,2,4,4,1,3,1,1,1,2,2.0,3.3333333333333300,7
433,2,3,3,2,2,4,1,1,1,0,1,2,2.6666666666666700,2.6666666666666700,5
434,2,3,4,4,3,4,0,2,0,1,4,1,3.0,3.6666666666666700,7
435,3,4,4,4,3,1,0,2,0,1,2,2,3.6666666666666700,2.6666666666666700,6
436,1,3,1,4,4,1,0,2,0,1,4,3,1.6666666666666700,3.0,9
437,1,2,1,3,1,5,1,3,1,1,1,2,1.3333333333333300,3.0,7
438,1,2,4,1,5,5,0,3,1,1,1,1,2.3333333333333300,3.6666666666666700,5
439,5,1,1,3,3,1,0,2,0,1,4,2,2.3333333333333300,2.3333333333333300,8
440,4,4,2,4,5,1,1,3,1,1,4,3,3.3333333333333300,3.3333333333333300,11
441,2,3,5,5,4,5,0,1,1,0,3,2,3.3333333333333300,4.666666666666670,6
442,1,5,4,1,4,3,0,3,1,1,4,2,3.3333333333333300,2.6666666666666700,9
443,3,2,5,2,1,2,0,3,1,1,1,3,3.3333333333333300,1.6666666666666700,7
444,3,5,5,4,1,1,1,1,1,0,5,3,4.333333333333330,2.0,10
445,3,2,1,3,4,4,1,3,1,1,1,1,2.0,3.6666666666666700,6
446,2,3,3,1,4,2,1,1,1,0,3,3,2.6666666666666700,2.3333333333333300,8
447,2,4,2,5,4,3,1,2,0,1,5,3,2.6666666666666700,4.0,11
448,2,1,3,3,1,4,1,3,1,1,5,2,2.0,2.6666666666666700,11
449,1,4,3,3,2,3,1,1,1,0,2,2,2.6666666666666700,2.6666666666666700,6
450,1,4,5,4,4,5,1,3,1,1,5,3,3.3333333333333300,4.333333333333330,12
451,3,5,5,2,2,1,0,2,0,1,2,2,4.333333333333330,1.6666666666666700,6
452,5,4,5,4,4,2,1,3,1,1,1,2,4.666666666666670,3.3333333333333300,7
453,2,1,5,5,2,5,0,1,1,0,5,2,2.6666666666666700,4.0,8
454,1,1,5,5,1,1,0,2,0,1,1,2,2.3333333333333300,2.3333333333333300,5
455,2,5,3,3,3,3,0,3,1,1,5,2,3.3333333333333300,3.0,10
456,5,4,1,4,1,2,1,3,1,1,1,2,3.3333333333333300,2.3333333333333300,7
457,2,4,1,3,5,2,1,1,1,0,1,3,2.3333333333333300,3.3333333333333300,6
458,2,1,4,2,1,5,0,3,1,1,3,1,2.3333333333333300,2.6666666666666700,7
459,4,4,5,5,1,3,1,1,1,0,2,1,4.333333333333330,3.0,5
460,1,3,2,3,4,2,0,3,1,1,5,3,2.0,3.0,11
461,3,1,4,3,2,5,0,3,1,1,5,2,2.6666666666666700,3.3333333333333300,10
462,1,5,3,5,3,4,1,1,1,0,1,1,3.0,4.0,4
463,1,2,4,4,2,2,1,1,1,0,3,3,2.3333333333333300,2.6666666666666700,8
464,4,5,1,5,3,5,0,2,0,1,2,1,3.3333333333333300,4.333333333333330,5
465,3,3,2,2,1,5,1,3,1,1,2,1,2.6666666666666700,2.6666666666666700,7
466,3,2,3,3,1,3,0,3,1,1,2,1,2.6666666666666700,2.3333333333333300,6
467,3,1,4,5,5,3,0,3,1,1,5,3,2.6666666666666700,4.333333333333330,11
468,4,3,5,2,4,5,0,2,0,1,2,3,4.0,3.6666666666666700,7
469,3,3,4,2,1,5,1,3,1,1,2,2,3.3333333333333300,2.6666666666666700,8
470,5,4,1,5,3,1,1,1,1,0,2,3,3.3333333333333300,3.0,7
471,5,2,2,5,2,1,0,1,1,0,1,3,3.0,2.6666666666666700,5
472,2,3,4,5,4,4,0,2,0,1,2,3,3.0,4.333333333333330,7
473,4,3,3,4,2,3,1,3,1,1,1,3,3.3333333333333300,3.0,8
474,3,2,2,1,5,2,1,1,1,0,2,2,2.3333333333333300,2.6666666666666700,6
475,2,1,2,3,3,2,1,1,1,0,1,3,1.6666666666666700,2.6666666666666700,6
476,5,3,4,3,3,4,1,3,1,1,2,3,4.0,3.3333333333333300,9
477,4,2,5,3,1,5,1,3,1,1,1,1,3.6666666666666700,3.0,6
478,3,1,1,3,5,3,0,2,0,1,1,1,1.6666666666666700,3.6666666666666700,4
479,1,4,1,1,2,3,1,3,1,1,3,1,2.0,2.0,8
480,3,2,3,3,3,3,0,3,1,1,5,1,2.6666666666666700,3.0,9
481,4,5,1,1,2,4,1,2,0,1,1,3,3.3333333333333300,2.3333333333333300,7
482,5,1,2,3,4,1,0,1,1,0,1,3,2.6666666666666700,2.6666666666666700,5
483,3,2,4,5,5,5,1,2,0,1,3,2,3.0,5.0,8
484,4,1,2,4,5,5,1,1,1,0,2,3,2.3333333333333300,4.666666666666670,7
485,1,2,3,4,4,1,1,1,1,0,1,1,2.0,3.0,4
486,5,1,4,4,3,1,0,1,1,0,3,3,3.3333333333333300,2.6666666666666700,7
487,1,1,1,5,5,3,0,2,0,1,3,1,1.0,4.333333333333330,6
488,5,4,3,2,3,4,0,2,0,1,5,1,4.0,3.0,8
489,5,3,1,3,2,2,0,3,1,1,4,1,3.0,2.3333333333333300,8
490,4,3,2,5,2,1,0,2,0,1,1,3,3.0,2.6666666666666700,6
491,5,5,1,4,2,3,1,3,1,1,1,1,3.6666666666666700,3.0,6
492,5,3,2,4,5,5,0,2,0,1,3,1,3.3333333333333300,4.666666666666670,6
493,3,5,2,3,2,4,1,3,1,1,4,2,3.3333333333333300,3.0,10
494,5,4,4,4,1,2,0,2,0,1,1,2,4.333333333333330,2.3333333333333300,5
495,1,4,2,3,5,3,1,2,0,1,2,2,2.3333333333333300,3.6666666666666700,7
496,3,2,5,4,4,1,0,3,1,1,4,2,3.3333333333333300,3.0,9
497,3,1,5,3,1,1,1,3,1,1,2,1,3.0,1.6666666666666700,7
498,1,1,3,2,1,3,1,2,0,1,4,3,1.6666666666666700,2.0,10
499,3,1,4,1,4,5,0,1,1,0,5,1,2.6666666666666700,3.3333333333333300,7
500,2,2,2,2,2,4,1,2,0,1,3,2,2.0,2.6666666666666700,8
501,5,4,4,2,4,2,0,3,1,1,4,2,4.333333333333330,2.6666666666666700,9
502,5,2,4,5,2,4,1,3,1,1,5,1,3.6666666666666700,3.6666666666666700,10
503,2,5,1,5,4,5,1,3,1,1,2,3,2.6666666666666700,4.666666666666670,9
504,3,5,3,2,3,3,0,3,1,1,4,1,3.6666666666666700,2.6666666666666700,8
505,3,5,5,4,2,3,0,2,0,1,4,2,4.333333333333330,3.0,8
506,4,1,4,4,4,5,0,3,1,1,2,2,3.0,4.333333333333330,7
507,3,4,2,5,4,3,0,2,0,1,1,2,3.0,4.0,5
508,5,5,2,3,1,3,1,1,1,0,2,1,4.0,2.3333333333333300,5
509,4,2,4,1,5,5,0,1,1,0,3,2,3.3333333333333300,3.6666666666666700,6
510,5,5,3,4,4,3,1,2,0,1,5,2,4.333333333333330,3.6666666666666700,10
511,1,1,2,4,1,5,1,3,1,1,2,2,1.3333333333333300,3.3333333333333300,8
512,5,3,1,4,2,5,0,1,1,0,1,3,3.0,3.6666666666666700,5
513,5,5,5,5,1,2,1,2,0,1,5,1,5.0,2.6666666666666700,9
514,3,5,3,3,1,3,1,1,1,0,1,1,3.6666666666666700,2.3333333333333300,4
515,4,4,2,3,3,4,0,2,0,1,2,2,3.3333333333333300,3.3333333333333300,6
516,1,3,5,3,3,2,0,2,0,1,2,2,3.0,2.6666666666666700,6
517,4,4,4,1,2,5,1,3,1,1,5,3,4.0,2.6666666666666700,12
518,2,1,3,4,2,4,1,1,1,0,5,3,2.0,3.3333333333333300,10
519,3,2,4,3,4,1,1,1,1,0,1,2,3.0,2.6666666666666700,5
520,1,4,3,1,2,5,1,3,1,1,4,3,2.6666666666666700,2.6666666666666700,11
521,3,4,2,1,3,3,1,3,1,1,3,3,3.0,2.3333333333333300,10
522,1,2,3,4,4,4,0,2,0,1,5,3,2.0,4.0,10
523,4,1,2,5,1,2,1,2,0,1,1,2,2.3333333333333300,2.6666666666666700,6
524,3,2,4,4,5,5,0,1,1,0,1,3,3.0,4.666666666666670,5
525,5,2,3,5,5,3,0,3,1,1,5,2,3.3333333333333300,4.333333333333330,10
526,5,4,3,3,1,1,0,1,1,0,1,2,4.0,1.6666666666666700,4
527,3,2,1,1,3,5,0,2,0,1,5,2,2.0,3.0,9
528,2,4,2,3,5,2,0,3,1,1,2,3,2.6666666666666700,3.3333333333333300,8
529,1,5,2,1,4,3,1,1,1,0,5,1,2.6666666666666700,2.6666666666666700,8
530,4,4,5,3,3,4,1,3,1,1,4,2,4.333333333333330,3.3333333333333300,10
531,3,2,1,1,5,3,0,2,0,1,4,1,2.0,3.0,7
532,5,2,5,4,2,4,0,1,1,0,1,1,4.0,3.3333333333333300,3
533,2,5,4,5,3,4,1,1,1,0,1,2,3.6666666666666700,4.0,5
534,4,3,5,2,1,3,1,3,1,1,4,3,4.0,2.0,11
535,3,1,1,1,5,3,0,2,0,1,3,2,1.6666666666666700,3.0,7
536,3,1,2,5,4,5,0,2,0,1,1,2,2.0,4.666666666666670,5
537,5,5,3,4,5,2,1,3,1,1,2,1,4.333333333333330,3.6666666666666700,7
538,5,5,1,4,2,5,1,3,1,1,4,2,3.6666666666666700,3.6666666666666700,10
539,2,2,5,5,4,3,0,1,1,0,3,3,3.0,4.0,7
540,4,4,2,3,4,3,0,1,1,0,5,3,3.3333333333333300,3.3333333333333300,9
541,5,1,5,2,1,3,1,1,1,0,3,1,3.6666666666666700,2.0,6
542,1,3,3,2,1,5,1,2,0,1,3,3,2.3333333333333300,2.6666666666666700,9
543,3,5,5,5,3,2,1,1,1,0,1,2,4.333333333333330,3.3333333333333300,5
544,3,3,5,4,2,1,1,2,0,1,5,3,3.6666666666666700,2.3333333333333300,11
545,2,5,4,3,1,5,0,2,0,1,3,2,3.6666666666666700,3.0,7
546,1,1,4,4,1,3,1,3,1,1,2,1,2.0,2.6666666666666700,7
547,5,4,2,1,4,4,0,2,0,1,5,2,3.6666666666666700,3.0,9
548,4,3,3,4,5,4,0,1,1,0,4,1,3.3333333333333300,4.333333333333330,6
549,1,2,4,3,2,4,1,2,0,1,3,2,2.3333333333333300,3.0,8
550,1,5,2,1,1,1,1,2,0,1,5,3,2.6666666666666700,1.0,11
551,3,5,3,2,3,4,1,1,1,0,1,1,3.6666666666666700,3.0,4
552,2,4,2,3,2,3,1,3,1,1,4,1,2.6666666666666700,2.6666666666666700,9
553,4,5,1,5,2,5,1,3,1,1,1,2,3.3333333333333300,4.0,7
554,3,1,5,4,4,5,1,2,0,1,3,2,3.0,4.333333333333330,8
555,5,4,3,4,3,5,0,3,1,1,2,1,4.0,4.0,6
556,1,3,4,2,4,3,0,1,1,0,2,1,2.6666666666666700,3.0,4
557,4,4,5,3,5,5,1,1,1,0,1,3,4.333333333333330,4.333333333333330,6
558,1,2,5,5,5,4,0,1,1,0,3,1,2.6666666666666700,4.666666666666670,5
559,5,1,1,4,1,3,1,2,0,1,4,2,2.3333333333333300,2.6666666666666700,9
560,5,3,1,4,2,4,0,1,1,0,3,2,3.0,3.3333333333333300,6
561,4,4,2,1,5,5,0,3,1,1,5,3,3.3333333333333300,3.6666666666666700,11
562,2,5,1,3,1,1,0,1,1,0,3,3,2.6666666666666700,1.6666666666666700,7
563,4,5,4,1,3,1,1,1,1,0,1,2,4.333333333333330,1.6666666666666700,5
564,5,4,5,3,4,1,0,3,1,1,1,3,4.666666666666670,2.6666666666666700,7
565,3,5,3,5,2,4,0,2,0,1,3,1,3.6666666666666700,3.6666666666666700,6
566,4,4,1,5,5,3,1,2,0,1,2,1,3.0,4.333333333333330,6
567,2,4,3,4,5,4,0,1,1,0,4,3,3.0,4.333333333333330,8
568,4,3,2,5,5,2,0,3,1,1,2,1,3.0,4.0,6
569,2,1,5,2,1,3,1,1,1,0,3,1,2.6666666666666700,2.0,6
570,2,4,3,3,3,2,0,2,0,1,2,3,3.0,2.6666666666666700,7
571,4,4,5,5,5,5,0,1,1,0,1,3,4.333333333333330,5.0,5
572,1,4,2,2,3,3,0,3,1,1,4,1,2.3333333333333300,2.6666666666666700,8
573,1,3,1,2,2,3,1,1,1,0,2,3,1.6666666666666700,2.3333333333333300,7
574,3,1,4,4,4,1,1,2,0,1,5,1,2.6666666666666700,3.0,9
575,2,4,3,1,1,1,1,2,0,1,3,1,3.0,1.0,7
576,2,4,3,4,4,1,0,1,1,0,3,2,3.0,3.0,6
577,1,2,1,2,5,1,0,2,0,1,2,2,1.3333333333333300,2.6666666666666700,6
578,1,5,3,3,2,5,0,1,1,0,1,3,3.0,3.3333333333333300,5
579,3,3,1,1,4,3,1,2,0,1,3,3,2.3333333333333300,2.6666666666666700,9
580,3,2,4,4,1,2,1,2,0,1,1,3,3.0,2.3333333333333300,7
581,1,3,5,4,3,3,0,3,1,1,4,3,3.0,3.3333333333333300,10
582,1,3,4,1,4,3,0,1,1,0,5,3,2.6666666666666700,2.6666666666666700,9
583,3,5,4,3,3,2,0,3,1,1,5,1,4.0,2.6666666666666700,9
584,2,5,1,5,4,1,1,3,1,1,1,3,2.6666666666666700,3.3333333333333300,8
585,2,5,2,2,4,5,0,2,0,1,5,3,3.0,3.6666666666666700,10
586,4,4,2,3,5,2,1,1,1,0,2,3,3.3333333333333300,3.3333333333333300,7
587,1,1,5,1,4,4,0,2,0,1,1,2,2.3333333333333300,3.0,5
588,4,5,4,1,3,1,0,1,1,0,2,1,4.333333333333330,1.6666666666666700,4
589,3,2,3,1,4,5,1,2,0,1,2,3,2.6666666666666700,3.3333333333333300,8
590,3,4,5,2,5,3,0,3,1,1,3,3,4.0,3.3333333333333300,9
591,5,3,5,2,5,5,1,3,1,1,2,2,4.333333333333330,4.0,8
592,2,5,2,4,4,1,1,2,0,1,5,2,3.0,3.0,10
593,2,2,3,2,5,4,1,2,0,1,4,3,2.3333333333333300,3.6666666666666700,10
594,2,1,3,3,4,5,1,1,1,0,2,1,2.0,4.0,5
595,3,2,3,4,2,3,1,1,1,0,4,1,2.6666666666666700,3.0,7
596,5,4,2,1,1,4,0,2,0,1,1,2,3.6666666666666700,2.0,5
597,4,1,3,1,3,4,1,3,1,1,4,2,2.6666666666666700,2.6666666666666700,10
598,5,5,3,2,5,5,1,2,0,1,3,1,4.333333333333330,4.0,7
599,3,4,4,2,4,1,0,3,1,1,2,2,3.6666666666666700,2.3333333333333300,7
600,4,4,3,1,1,5,1,2,0,1,5,2,3.6666666666666700,2.3333333333333300,10
601,1,4,4,2,1,5,0,3,1,1,4,2,3.0,2.6666666666666700,9
602,1,5,1,4,2,5,1,1,1,0,5,1,2.3333333333333300,3.6666666666666700,8
603,1,1,2,1,1,2,0,2,0,1,5,1,1.3333333333333300,1.3333333333333300,8
604,2,4,5,1,4,2,1,3,1,1,5,2,3.6666666666666700,2.3333333333333300,11
605,2,1,5,4,3,1,1,3,1,1,1,1,2.6666666666666700,2.6666666666666700,6
606,3,5,1,3,5,5,1,2,0,1,2,1,3.0,4.333333333333330,6
607,2,1,5,1,4,3,0,3,1,1,3,1,2.6666666666666700,2.6666666666666700,7
608,4,2,3,1,5,3,1,2,0,1,3,1,3.0,3.0,7
609,3,2,4,5,4,5,0,3,1,1,1,1,3.0,4.666666666666670,5
610,2,4,3,2,1,3,1,1,1,0,4,2,3.0,2.0,8
611,1,4,4,5,3,1,1,3,1,1,1,3,3.0,3.0,8
612,4,2,4,1,1,3,0,3,1,1,4,3,3.3333333333333300,1.6666666666666700,10
613,5,1,5,3,4,2,1,3,1,1,4,2,3.6666666666666700,3.0,10
614,5,5,3,3,3,1,1,2,0,1,1,1,4.333333333333330,2.3333333333333300,5
615,4,1,5,2,2,1,0,2,0,1,5,1,3.3333333333333300,1.6666666666666700,8
616,1,2,4,3,2,5,0,3,1,1,3,3,2.3333333333333300,3.3333333333333300,9
617,3,5,2,4,3,5,1,1,1,0,5,3,3.3333333333333300,4.0,10
618,5,5,1,2,2,5,0,3,1,1,3,1,3.6666666666666700,3.0,7
619,5,2,5,5,3,1,0,2,0,1,3,2,4.0,3.0,7
620,3,5,1,2,2,1,1,1,1,0,1,1,3.0,1.6666666666666700,4
621,5,1,5,3,4,4,1,2,0,1,4,3,3.6666666666666700,3.6666666666666700,10
622,3,1,4,5,4,1,0,3,1,1,4,3,2.6666666666666700,3.3333333333333300,10
623,5,1,1,1,5,5,0,2,0,1,5,3,2.3333333333333300,3.6666666666666700,10
624,3,1,5,4,5,4,0,3,1,1,4,2,3.0,4.333333333333330,9
625,1,4,5,4,5,1,1,1,1,0,1,2,3.3333333333333300,3.3333333333333300,5
626,4,1,2,1,1,1,1,1,1,0,3,3,2.3333333333333300,1.0,8
627,5,2,5,1,1,2,1,3,1,1,2,2,4.0,1.3333333333333300,8
628,5,3,3,1,3,4,0,1,1,0,5,2,3.6666666666666700,2.6666666666666700,8
629,4,1,4,3,3,4,0,1,1,0,3,1,3.0,3.3333333333333300,5
630,3,5,5,3,4,2,1,1,1,0,2,2,4.333333333333330,3.0,6
631,1,4,3,3,3,2,0,3,1,1,5,1,2.6666666666666700,2.6666666666666700,9
632,2,3,1,1,5,4,1,2,0,1,4,2,2.0,3.3333333333333300,9
633,5,2,2,5,4,1,1,2,0,1,4,2,3.0,3.3333333333333300,9
634,3,5,4,1,3,3,0,1,1,0,3,2,4.0,2.3333333333333300,6
635,1,5,2,1,5,3,1,3,1,1,5,1,2.6666666666666700,3.0,10
636,2,2,1,1,3,2,0,3,1,1,4,2,1.6666666666666700,2.0,9
637,4,2,5,2,1,5,0,1,1,0,4,3,3.6666666666666700,2.6666666666666700,8
638,4,3,2,3,2,2,0,1,1,0,5,2,3.0,2.3333333333333300,8
639,4,2,1,4,1,1,1,2,0,1,5,1,2.3333333333333300,2.0,9
640,1,1,2,4,1,1,0,3,1,1,1,1,1.3333333333333300,2.0,5
641,4,2,3,5,4,2,0,1,1,0,3,3,3.0,3.6666666666666700,7
642,3,3,1,2,1,2,1,2,0,1,4,3,2.3333333333333300,1.6666666666666700,10
643,5,2,1,2,2,3,1,3,1,1,2,1,2.6666666666666700,2.3333333333333300,7
644,1,3,1,3,3,1,1,1,1,0,4,1,1.6666666666666700,2.3333333333333300,7
645,5,5,1,2,2,2,1,3,1,1,4,2,3.6666666666666700,2.0,10
646,5,1,1,5,4,3,0,3,1,1,5,1,2.3333333333333300,4.0,9
647,2,3,5,4,3,2,0,2,0,1,2,2,3.3333333333333300,3.0,6
648,1,2,5,2,2,2,1,2,0,1,4,3,2.6666666666666700,2.0,10
649,5,2,4,4,4,2,0,1,1,0,1,2,3.6666666666666700,3.3333333333333300,4
650,2,5,1,1,2,3,1,1,1,0,5,3,2.6666666666666700,2.0,10
651,4,4,5,1,3,5,0,1,1,0,2,1,4.333333333333330,3.0,4
652,4,1,4,2,2,4,1,1,1,0,2,2,3.0,2.6666666666666700,6
653,4,2,2,4,4,1,0,3,1,1,3,3,2.6666666666666700,3.0,9
654,3,1,4,1,1,3,0,2,0,1,2,2,2.6666666666666700,1.6666666666666700,6
655,1,2,5,2,3,2,0,3,1,1,4,1,2.6666666666666700,2.3333333333333300,8
656,2,3,4,2,3,2,0,3,1,1,5,2,3.0,2.3333333333333300,10
657,4,4,5,3,1,4,1,3,1,1,2,2,4.333333333333330,2.6666666666666700,8
658,5,2,1,5,1,2,0,1,1,0,5,3,2.6666666666666700,2.6666666666666700,9
659,3,1,3,3,1,3,0,1,1,0,4,2,2.3333333333333300,2.3333333333333300,7
660,3,2,4,3,2,3,1,2,0,1,2,1,3.0,2.6666666666666700,6
661,3,1,2,2,5,5,0,3,1,1,5,1,2.0,4.0,9
662,3,1,2,3,5,1,1,1,1,0,1,1,2.0,3.0,4
663,2,3,3,2,3,5,0,2,0,1,2,2,2.6666666666666700,3.3333333333333300,6
664,1,4,4,5,2,4,1,1,1,0,3,1,3.0,3.6666666666666700,6
665,3,3,4,1,3,2,1,1,1,0,4,3,3.3333333333333300,2.0,9
666,1,1,2,2,5,1,1,1,1,0,5,3,1.3333333333333300,2.6666666666666700,10
667,4,4,5,4,3,4,1,1,1,0,4,3,4.333333333333330,3.6666666666666700,9
668,2,1,2,2,5,5,0,1,1,0,4,1,1.6666666666666700,4.0,6
669,3,3,3,5,1,1,1,1,1,0,4,3,3.0,2.3333333333333300,9
670,3,4,5,5,4,4,1,1,1,0,5,3,4.0,4.333333333333330,10
671,5,5,2,5,1,4,1,3,1,1,5,2,4.0,3.3333333333333300,11
672,4,1,3,2,3,3,1,3,1,1,5,3,2.6666666666666700,2.6666666666666700,12
673,4,4,3,2,4,4,1,3,1,1,4,3,3.6666666666666700,3.3333333333333300,11
674,2,5,1,3,4,2,0,2,0,1,5,2,2.6666666666666700,3.0,9
675,4,2,4,4,1,2,1,3,1,1,2,1,3.3333333333333300,2.3333333333333300,7
676,3,3,4,1,5,2,0,1,1,0,4,1,3.3333333333333300,2.6666666666666700,6
677,4,3,3,4,5,1,1,1,1,0,4,2,3.3333333333333300,3.3333333333333300,8
678,3,5,3,1,2,4,1,2,0,1,5,2,3.6666666666666700,2.3333333333333300,10
679,3,1,3,1,3,3,1,2,0,1,5,1,2.3333333333333300,2.3333333333333300,9
680,3,2,3,1,5,5,0,1,1,0,1,2,2.6666666666666700,3.6666666666666700,4
681,2,4,1,5,5,3,1,1,1,0,1,2,2.3333333333333300,4.333333333333330,5
682,5,2,4,5,4,4,1,3,1,1,5,2,3.6666666666666700,4.333333333333330,11
683,1,4,2,5,5,1,0,1,1,0,5,2,2.3333333333333300,3.6666666666666700,8
684,1,4,2,2,1,1,0,1,1,0,1,3,2.3333333333333300,1.3333333333333300,5
685,5,1,5,1,2,1,1,1,1,0,4,1,3.6666666666666700,1.3333333333333300,7
686,1,4,5,4,1,1,0,3,1,1,4,3,3.3333333333333300,2.0,10
687,1,3,2,5,5,1,0,1,1,0,1,3,2.0,3.6666666666666700,5
688,2,3,1,2,5,1,1,3,1,1,5,3,2.0,2.6666666666666700,12
689,3,3,2,5,5,5,1,3,1,1,4,3,2.6666666666666700,5.0,11
690,4,5,2,3,1,5,1,3,1,1,1,1,3.6666666666666700,3.0,6
691,3,1,1,5,4,1,0,1,1,0,3,3,1.6666666666666700,3.3333333333333300,7
692,3,3,4,4,2,2,1,3,1,1,5,2,3.3333333333333300,2.6666666666666700,11
693,4,1,2,5,2,5,1,3,1,1,4,3,2.3333333333333300,4.0,11
694,4,4,1,2,4,5,1,1,1,0,4,3,3.0,3.6666666666666700,9
695,1,3,1,3,3,4,0,3,1,1,3,1,1.6666666666666700,3.3333333333333300,7
696,4,4,4,4,5,1,1,3,1,1,5,3,4.0,3.3333333333333300,12
697,4,5,2,3,5,1,1,1,1,0,1,2,3.6666666666666700,3.0,5
698,3,5,1,3,5,3,1,2,0,1,1,1,3.0,3.6666666666666700,5
699,1,3,2,2,2,5,0,1,1,0,5,1,2.0,3.0,7
700,3,4,2,2,2,3,0,1,1,0,4,3,3.0,2.3333333333333300,8
701,4,3,1,4,1,2,0,1,1,0,5,3,2.6666666666666700,2.3333333333333300,9
702,3,3,5,5,3,3,1,2,0,1,2,3,3.6666666666666700,3.6666666666666700,8
703,2,1,3,5,4,5,0,3,1,1,5,2,2.0,4.666666666666670,10
704,4,3,1,3,4,2,0,2,0,1,1,2,2.6666666666666700,3.0,5
705,2,4,5,4,1,2,0,3,1,1,3,2,3.6666666666666700,2.3333333333333300,8
706,1,2,1,4,2,1,1,1,1,0,4,1,1.3333333333333300,2.3333333333333300,7
707,5,4,1,1,5,4,1,2,0,1,4,1,3.3333333333333300,3.3333333333333300,8
708,1,4,4,3,5,5,0,1,1,0,4,2,3.0,4.333333333333330,7
709,3,2,2,2,5,1,0,3,1,1,5,2,2.3333333333333300,2.6666666666666700,10
710,1,4,2,5,5,5,1,2,0,1,3,2,2.3333333333333300,5.0,8
711,4,1,4,1,2,5,1,1,1,0,1,2,3.0,2.6666666666666700,5
712,1,3,5,4,2,5,0,2,0,1,5,2,3.0,3.6666666666666700,9
713,5,1,4,1,1,1,0,3,1,1,2,2,3.3333333333333300,1.0,7
714,2,1,3,5,1,4,1,3,1,1,4,2,2.0,3.3333333333333300,10
715,4,4,5,3,5,1,1,1,1,0,1,1,4.333333333333330,3.0,4
716,3,1,4,3,3,2,0,2,0,1,4,1,2.6666666666666700,2.6666666666666700,7
717,4,5,4,3,1,3,0,3,1,1,4,1,4.333333333333330,2.3333333333333300,8
718,4,1,2,2,3,3,0,3,1,1,3,1,2.3333333333333300,2.6666666666666700,7
719,5,4,1,2,4,2,1,1,1,0,4,3,3.3333333333333300,2.6666666666666700,9
720,2,5,2,4,5,1,0,1,1,0,3,2,3.0,3.3333333333333300,6
721,2,2,4,3,3,1,1,1,1,0,3,1,2.6666666666666700,2.3333333333333300,6
722,1,5,4,4,3,1,1,3,1,1,5,1,3.3333333333333300,2.6666666666666700,10
723,2,5,3,4,2,1,1,2,0,1,1,3,3.3333333333333300,2.3333333333333300,7
724,5,3,3,4,4,3,1,1,1,0,5,1,3.6666666666666700,3.6666666666666700,8
725,2,3,2,2,4,5,1,1,1,0,4,1,2.3333333333333300,3.6666666666666700,7
726,2,3,2,5,5,1,0,3,1,1,1,3,2.3333333333333300,3.6666666666666700,7
727,4,3,4,1,1,5,0,3,1,1,4,2,3.6666666666666700,2.3333333333333300,9
728,5,2,3,2,5,3,1,2,0,1,2,3,3.3333333333333300,3.3333333333333300,8
729,4,3,2,4,3,5,0,2,0,1,1,1,3.0,4.0,4
730,3,2,5,3,5,3,0,2,0,1,4,3,3.3333333333333300,3.6666666666666700,9
731,4,1,2,5,4,5,1,3,1,1,1,2,2.3333333333333300,4.666666666666670,7
732,2,4,3,2,2,1,1,2,0,1,2,1,3.0,1.6666666666666700,6
733,4,4,3,3,1,5,1,2,0,1,2,1,3.6666666666666700,3.0,6
734,1,3,1,2,5,1,1,1,1,0,4,2,1.6666666666666700,2.6666666666666700,8
735,1,2,2,1,2,2,1,3,1,1,2,3,1.6666666666666700,1.6666666666666700,9
736,1,1,3,5,2,1,1,3,1,1,4,1,1.6666666666666700,2.6666666666666700,9
737,5,5,5,4,5,3,0,2,0,1,5,2,5.0,4.0,9
738,3,5,3,5,2,1,0,2,0,1,2,3,3.6666666666666700,2.6666666666666700,7
739,5,4,4,5,5,5,1,1,1,0,1,1,4.333333333333330,5.0,4
740,2,2,1,2,5,1,1,1,1,0,2,3,1.6666666666666700,2.6666666666666700,7
741,5,1,2,1,4,4,1,2,0,1,3,1,2.6666666666666700,3.0,7
742,2,1,1,5,2,1,1,2,0,1,2,3,1.3333333333333300,2.6666666666666700,8
743,4,4,4,3,2,5,0,3,1,1,1,3,4.0,3.3333333333333300,7
744,5,1,4,3,3,5,1,1,1,0,3,1,3.3333333333333300,3.6666666666666700,6
745,4,4,1,5,5,5,0,1,1,0,4,2,3.0,5.0,7
746,5,5,2,5,2,5,1,3,1,1,5,2,4.0,4.0,11
747,2,3,1,5,5,5,1,1,1,0,3,2,2.0,5.0,7
748,5,2,2,2,1,4,0,3,1,1,4,2,3.0,2.3333333333333300,9
749,2,4,5,2,5,2,1,1,1,0,1,2,3.6666666666666700,3.0,5
750,5,2,5,1,2,4,0,2,0,1,3,1,4.0,2.3333333333333300,6
751,2,5,4,5,4,3,1,3,1,1,4,1,3.6666666666666700,4.0,9
752,2,2,3,4,3,4,0,1,1,0,5,3,2.3333333333333300,3.6666666666666700,9
753,2,1,5,4,5,3,0,2,0,1,4,1,2.6666666666666700,4.0,7
754,1,5,4,4,1,3,0,3,1,1,4,1,3.3333333333333300,2.6666666666666700,8
755,1,4,4,4,3,5,0,3,1,1,4,2,3.0,4.0,9
756,4,4,4,5,1,4,0,1,1,0,4,2,4.0,3.3333333333333300,7
757,5,1,1,5,3,1,0,2,0,1,4,1,2.3333333333333300,3.0,7
758,3,5,5,3,4,5,1,1,1,0,2,2,4.333333333333330,4.0,6
759,3,4,5,3,3,3,1,1,1,0,5,1,4.0,3.0,8
760,5,4,2,3,2,2,0,3,1,1,2,3,3.6666666666666700,2.3333333333333300,8
761,1,5,3,1,5,3,0,3,1,1,4,2,3.0,3.0,9
762,4,1,1,3,4,1,0,3,1,1,2,1,2.0,2.6666666666666700,6
763,5,3,4,5,3,4,1,3,1,1,3,3,4.0,4.0,10
764,5,3,2,3,1,2,0,3,1,1,5,1,3.3333333333333300,2.0,9
765,1,2,1,1,2,4,1,1,1,0,2,3,1.3333333333333300,2.3333333333333300,7
766,4,2,2,1,1,2,0,3,1,1,4,1,2.6666666666666700,1.3333333333333300,8
767,2,2,2,1,1,2,0,3,1,1,2,1,2.0,1.3333333333333300,6
768,5,4,5,1,2,3,1,3,1,1,2,3,4.666666666666670,2.0,9
769,1,1,4,3,4,2,0,1,1,0,5,1,2.0,3.0,7
770,5,4,1,2,1,1,0,2,0,1,2,1,3.3333333333333300,1.3333333333333300,5
771,5,1,2,5,3,2,1,3,1,1,1,1,2.6666666666666700,3.3333333333333300,6
772,4,5,1,4,4,1,0,3,1,1,5,3,3.3333333333333300,3.0,11
773,4,5,4,4,1,4,1,1,1,0,4,1,4.333333333333330,3.0,7
774,1,2,3,1,5,5,0,1,1,0,5,2,2.0,3.6666666666666700,8
775,5,1,3,2,2,5,1,3,1,1,1,1,3.0,3.0,6
776,5,2,5,2,2,2,0,3,1,1,5,1,4.0,2.0,9
777,5,3,3,1,3,1,0,2,0,1,3,1,3.6666666666666700,1.6666666666666700,6
778,1,3,5,5,3,3,1,3,1,1,3,3,3.0,3.6666666666666700,10
779,2,1,1,4,5,4,0,3,1,1,4,3,1.3333333333333300,4.333333333333330,10
780,2,4,2,1,4,4,0,2,0,1,1,2,2.6666666666666700,3.0,5
781,3,4,1,4,5,3,1,1,1,0,1,2,2.6666666666666700,4.0,5
782,3,4,3,4,2,3,1,1,1,0,4,2,3.3333333333333300,3.0,8
783,5,5,2,2,2,4,1,3,1,1,1,1,4.0,2.6666666666666700,6
784,1,1,2,1,1,3,0,3,1,1,3,3,1.3333333333333300,1.6666666666666700,9
785,1,2,4,1,2,5,1,1,1,0,5,2,2.3333333333333300,2.6666666666666700,9
786,1,5,4,5,4,3,1,1,1,0,1,2,3.3333333333333300,4.0,5
787,1,1,3,2,3,5,1,2,0,1,2,3,1.6666666666666700,3.3333333333333300,8
788,3,2,4,5,4,4,0,1,1,0,3,2,3.0,4.333333333333330,6
789,1,5,5,3,3,1,1,2,0,1,3,1,3.6666666666666700,2.3333333333333300,7
790,1,5,4,4,3,1,1,3,1,1,5,2,3.3333333333333300,2.6666666666666700,11
791,1,1,2,2,5,3,0,1,1,0,3,2,1.3333333333333300,3.3333333333333300,6
792,5,1,5,5,1,4,0,2,0,1,4,1,3.6666666666666700,3.3333333333333300,7
793,3,4,3,4,5,2,0,2,0,1,1,3,3.3333333333333300,3.6666666666666700,6
794,3,4,1,4,4,5,1,1,1,0,1,3,2.6666666666666700,4.333333333333330,7
795,2,1,2,2,1,1,0,1,1,0,1,2,1.6666666666666700,1.3333333333333300,8
796,2,5,2,3,2,3,1,3,1,1,1,2,3.0,2.6666666666666700,7
797,3,1,4,2,4,5,1,3,1,1,2,2,2.6666666666666700,3.6666666666666700,8
798,1,4,5,5,3,1,0,2,0,1,2,3,3.3333333333333300,3.0,7
799,5,1,3,5,1,1,1,1,1,0,1,3,3.0,2.3333333333333300,6
800,5,1,4,5,1,5,1,2,0,1,5,2,3.3333333333333300,3.6666666666666700,10
801,1,2,1,5,4,1,1,1,1,0,4,2,1.3333333333333300,3.3333333333333300,8
802,4,2,3,4,1,4,0,1,1,0,2,1,3.0,3.0,4
803,1,2,5,2,5,2,0,1,1,0,3,2,2.6666666666666700,3.0,6
804,1,3,3,3,1,3,0,1,1,0,5,2,2.3333333333333300,2.3333333333333300,8
805,5,2,4,5,3,2,1,1,1,0,4,1,3.6666666666666700,3.3333333333333300,7
806,4,5,5,1,5,5,0,2,0,1,1,3,4.666666666666670,3.6666666666666700,6
807,2,3,4,1,5,3,1,2,0,1,4,3,3.0,3.0,10
808,1,2,5,5,5,5,1,1,1,0,1,1,2.6666666666666700,5.0,4
809,2,1,3,4,1,5,1,1,1,0,3,2,2.0,3.3333333333333300,7
810,5,5,4,3,1,3,0,3,1,1,3,3,4.666666666666670,2.3333333333333300,9
811,1,4,5,3,1,5,0,3,1,1,1,2,3.3333333333333300,3.0,6
812,1,5,2,4,5,3,1,1,1,0,4,3,2.6666666666666700,4.0,9
813,2,3,3,4,1,2,1,3,1,1,4,1,2.6666666666666700,2.3333333333333300,9
814,2,4,5,2,2,5,0,2,0,1,5,3,3.6666666666666700,3.0,10
815,1,4,1,5,3,2,0,1,1,0,1,2,2.0,3.3333333333333300,4
816,2,3,4,3,3,1,1,3,1,1,1,2,3.0,2.3333333333333300,7
817,5,5,4,5,3,1,1,3,1,1,3,2,4.666666666666670,3.0,9
818,2,2,5,2,3,4,0,3,1,1,3,1,3.0,3.0,7
819,2,4,3,4,1,1,0,1,1,0,2,3,3.0,2.0,6
820,3,2,5,5,3,1,0,1,1,0,2,3,3.3333333333333300,3.0,6
821,3,3,5,5,5,5,0,2,0,1,1,2,3.6666666666666700,5.0,5
822,2,2,1,2,4,4,1,3,1,1,5,1,1.6666666666666700,3.3333333333333300,10
823,2,4,1,1,1,1,1,2,0,1,5,2,2.3333333333333300,1.0,10
824,1,5,5,5,1,3,1,2,0,1,1,2,3.6666666666666700,3.0,6
825,3,4,3,3,3,4,1,2,0,1,2,2,3.3333333333333300,3.3333333333333300,7
826,3,4,2,5,4,4,0,2,0,1,4,3,3.0,4.333333333333330,9
827,1,4,2,5,5,2,0,1,1,0,5,3,2.3333333333333300,4.0,9
828,4,4,2,5,5,5,0,3,1,1,2,2,3.3333333333333300,5.0,7
829,4,4,4,5,3,3,1,2,0,1,1,3,4.0,3.6666666666666700,7
830,5,5,3,4,3,5,1,3,1,1,4,2,4.333333333333330,4.0,10
831,5,1,1,4,1,3,1,1,1,0,4,1,2.3333333333333300,2.6666666666666700,7
832,3,4,2,5,3,5,1,1,1,0,1,1,3.0,4.333333333333330,4
833,3,1,3,3,4,5,0,2,0,1,2,3,2.3333333333333300,4.0,7
834,4,2,3,5,4,3,1,3,1,1,5,2,3.0,4.0,11
835,1,4,3,5,4,2,1,3,1,1,3,3,2.6666666666666700,3.6666666666666700,10
836,5,4,2,5,1,3,0,2,0,1,2,2,3.6666666666666700,3.0,6
837,2,2,4,3,1,5,0,3,1,1,5,1,2.6666666666666700,3.0,9
838,5,1,1,1,1,3,0,2,0,1,2,3,2.3333333333333300,1.6666666666666700,7
839,2,2,4,1,4,5,1,3,1,1,5,1,2.6666666666666700,3.3333333333333300,10
840,5,5,2,3,2,4,0,1,1,0,5,3,4.0,3.0,9
841,4,1,3,4,2,4,1,2,0,1,5,3,2.6666666666666700,3.3333333333333300,11
842,3,4,1,2,4,1,1,2,0,1,4,2,2.6666666666666700,2.3333333333333300,9
843,4,1,5,1,2,1,0,1,1,0,1,1,3.3333333333333300,1.3333333333333300,3
844,2,2,2,4,3,3,1,3,1,1,3,2,2.0,3.3333333333333300,9
845,2,3,2,2,3,4,1,2,0,1,3,1,2.3333333333333300,3.0,7
846,5,1,5,1,5,3,0,3,1,1,1,1,3.6666666666666700,3.0,5
847,2,1,1,2,1,4,1,1,1,0,2,2,1.3333333333333300,2.3333333333333300,6
848,4,3,2,5,4,3,1,1,1,0,2,1,3.0,4.0,5
849,5,5,4,2,3,4,0,3,1,1,3,3,4.666666666666670,3.0,9
850,1,5,2,1,3,3,1,1,1,0,1,2,2.6666666666666700,2.3333333333333300,5
851,5,3,1,2,1,4,0,3,1,1,2,3,3.0,2.3333333333333300,8
852,3,4,1,5,3,1,1,2,0,1,1,2,2.6666666666666700,3.0,6
853,4,1,1,2,2,2,1,3,1,1,4,2,2.0,2.0,10
854,4,2,1,4,1,4,0,1,1,0,4,1,2.3333333333333300,3.0,6
855,4,4,4,3,3,3,0,3,1,1,1,1,4.0,3.0,5
856,2,3,3,5,3,1,0,1,1,0,2,3,2.6666666666666700,3.0,6
857,3,3,4,5,2,2,0,2,0,1,1,1,3.3333333333333300,3.0,4
858,4,5,3,1,3,5,0,2,0,1,1,3,4.0,3.0,6
859,2,2,4,3,5,1,0,1,1,0,1,3,2.6666666666666700,3.0,5
860,3,3,3,1,3,5,1,1,1,0,4,1,3.0,3.0,7
861,1,3,5,4,1,5,1,1,1,0,2,2,3.0,3.3333333333333300,6
862,5,1,2,2,5,5,0,2,0,1,3,3,2.6666666666666700,4.0,8
863,3,4,1,5,2,5,0,2,0,1,2,3,2.6666666666666700,4.0,7
864,4,2,4,3,5,4,0,3,1,1,1,3,3.3333333333333300,4.0,7
865,3,3,2,4,4,4,1,1,1,0,3,3,2.6666666666666700,4.0,8
866,3,5,3,1,5,4,0,1,1,0,4,2,3.6666666666666700,3.3333333333333300,7
867,2,3,5,4,4,3,1,2,0,1,3,1,3.3333333333333300,3.6666666666666700,7
868,5,3,1,5,3,2,0,3,1,1,5,3,3.0,3.3333333333333300,11
869,4,1,2,3,1,3,0,3,1,1,2,3,2.3333333333333300,2.3333333333333300,8
870,5,5,5,4,2,5,0,2,0,1,1,1,5.0,3.6666666666666700,4
871,4,5,3,1,3,4,1,2,0,1,3,2,4.0,2.6666666666666700,8
872,1,4,5,2,4,4,0,3,1,1,2,3,3.3333333333333300,3.3333333333333300,8
873,1,5,3,4,4,1,0,1,1,0,3,3,3.0,3.0,7
874,5,1,1,2,1,1,1,1,1,0,1,2,2.3333333333333300,1.3333333333333300,5
875,2,5,2,1,1,2,0,1,1,0,1,3,3.0,1.3333333333333300,5
876,5,3,3,3,4,5,1,2,0,1,1,1,3.6666666666666700,4.0,5
877,3,4,1,3,5,4,0,2,0,1,3,1,2.6666666666666700,4.0,6
878,4,1,5,3,3,3,1,3,1,1,5,3,3.3333333333333300,3.0,12
879,5,2,4,5,5,4,0,1,1,0,1,1,3.6666666666666700,4.666666666666670,3
880,2,1,2,5,5,4,0,1,1,0,4,1,1.6666666666666700,4.666666666666670,6
881,5,4,1,5,1,2,1,2,0,1,4,3,3.3333333333333300,2.6666666666666700,10
882,4,4,3,5,3,4,1,2,0,1,2,3,3.6666666666666700,4.0,8
883,5,3,2,1,3,5,1,3,1,1,4,3,3.3333333333333300,3.0,11
884,4,1,5,2,5,2,0,1,1,0,2,1,3.3333333333333300,3.0,4
885,1,4,2,3,5,5,1,2,0,1,4,1,2.3333333333333300,4.333333333333330,8
886,2,5,4,1,1,5,1,1,1,0,3,1,3.6666666666666700,2.3333333333333300,6
887,2,2,4,3,3,2,0,1,1,0,5,1,2.6666666666666700,2.6666666666666700,7
888,4,3,3,2,3,2,0,1,1,0,2,3,3.3333333333333300,2.3333333333333300,6
889,3,2,1,5,4,4,1,2,0,1,3,2,2.0,4.333333333333330,8
890,5,3,2,4,5,3,1,1,1,0,5,1,3.3333333333333300,4.0,8
891,5,2,4,2,2,3,0,2,0,1,3,1,3.6666666666666700,2.3333333333333300,6
892,2,5,2,4,2,3,1,3,1,1,4,3,3.0,3.0,11
893,4,4,5,4,4,2,1,2,0,1,1,1,4.333333333333330,3.3333333333333300,5
894,1,3,1,4,2,2,1,3,1,1,3,1,1.6666666666666700,2.6666666666666700,8
895,5,4,3,3,3,4,1,2,0,1,3,3,4.0,3.3333333333333300,9
896,3,3,2,2,5,1,1,2,0,1,3,3,2.6666666666666700,2.6666666666666700,9
897,5,5,2,1,1,2,1,2,0,1,4,2,4.0,1.3333333333333300,9
898,2,2,2,2,3,4,1,1,1,0,3,2,2.0,3.0,7
899,3,2,4,5,4,5,0,2,0,1,1,1,3.0,4.666666666666670,4
900,4,1,1,1,5,2,0,2,0,1,5,3,2.0,2.6666666666666700,10
901,2,5,3,1,2,5,1,2,0,1,2,1,3.3333333333333300,2.6666666666666700,6
902,3,1,5,1,3,5,0,3,1,1,1,3,3.0,3.0,7
903,1,5,2,2,1,1,1,2,0,1,1,1,2.6666666666666700,1.3333333333333300,5
904,3,5,4,2,5,2,1,2,0,1,1,1,4.0,3.0,5
905,2,1,5,4,3,4,0,3,1,1,2,3,2.6666666666666700,3.6666666666666700,8
906,3,4,2,2,3,2,1,1,1,0,1,2,3.0,2.3333333333333300,5
907,2,4,5,4,1,4,0,2,0,1,1,3,3.6666666666666700,3.0,6
908,3,5,1,5,1,2,0,2,0,1,2,1,3.0,2.6666666666666700,5
909,1,2,1,3,5,5,0,3,1,1,2,1,1.3333333333333300,4.333333333333330,6
910,2,1,3,4,4,4,0,2,0,1,4,2,2.0,4.0,8
911,3,2,4,2,4,1,1,1,1,0,2,1,3.0,2.3333333333333300,5
912,3,1,2,5,5,4,1,2,0,1,3,2,2.0,4.666666666666670,8
913,2,1,1,4,5,2,0,3,1,1,3,2,1.3333333333333300,3.6666666666666700,8
914,3,1,4,4,3,4,1,2,1,1,5,1,2.6666666666666700,3.6666666666666700,9
915,5,5,4,3,1,3,0,1,1,0,4,2,4.666666666666670,2.3333333333333300,7
916,1,4,3,1,5,4,1,3,1,1,5,3,2.6666666666666700,3.3333333333333300,12
917,2,5,5,1,3,3,0,2,0,1,5,3,4.0,2.3333333333333300,10
918,1,4,1,5,3,3,1,1,1,0,1,2,2.0,3.6666666666666700,5
919,5,3,3,2,4,4,1,1,1,0,5,3,3.6666666666666700,3.3333333333333300,10
920,3,4,1,1,4,1,1,1,1,0,2,1,2.6666666666666700,2.0,5
921,2,5,1,1,2,1,0,3,1,1,2,3,2.6666666666666700,1.3333333333333300,8
922,3,5,5,4,4,5,0,1,1,0,4,2,4.333333333333330,4.333333333333330,7
923,2,3,4,3,4,2,1,3,1,1,4,2,3.0,3.0,10
924,5,4,2,4,5,4,0,1,1,0,5,1,3.6666666666666700,4.333333333333330,7
925,4,4,5,2,2,5,1,3,1,1,4,3,4.333333333333330,3.0,11
926,2,5,5,2,3,3,0,3,1,1,5,2,4.0,2.6666666666666700,10
927,5,5,3,1,4,5,0,2,0,1,5,1,4.333333333333330,3.3333333333333300,8
928,2,1,4,3,1,5,1,1,1,0,2,2,2.3333333333333300,3.0,6
929,5,4,2,3,4,1,0,2,0,1,3,2,3.6666666666666700,2.6666666666666700,7
930,4,3,3,4,3,3,1,2,0,1,4,3,3.3333333333333300,3.3333333333333300,10
931,2,5,5,2,5,4,1,1,1,0,2,2,4.0,3.6666666666666700,6
932,5,4,5,1,5,1,0,1,1,0,4,2,4.666666666666670,2.3333333333333300,7
933,4,4,4,5,5,2,0,2,0,1,2,1,4.0,4.0,5
934,4,3,4,4,3,3,0,3,1,1,2,2,3.6666666666666700,3.3333333333333300,7
935,2,4,4,5,2,4,0,2,0,1,2,3,3.3333333333333300,3.6666666666666700,7
936,3,3,2,4,2,5,0,3,1,1,3,2,2.6666666666666700,3.6666666666666700,8
937,4,1,2,1,4,3,1,3,1,1,4,3,2.3333333333333300,2.6666666666666700,11
938,2,5,1,5,3,4,1,2,0,1,2,3,2.6666666666666700,4.0,8
939,3,1,5,2,1,2,0,1,1,0,5,2,3.0,1.6666666666666700,8
940,4,5,3,4,5,1,1,1,1,0,4,3,4.0,3.3333333333333300,9
941,2,3,2,4,4,4,0,3,1,1,5,1,2.3333333333333300,4.0,9
942,3,2,5,2,1,5,1,2,0,1,5,3,3.3333333333333300,2.6666666666666700,11
943,1,2,2,1,2,3,1,2,0,1,5,2,1.6666666666666700,2.0,10
944,1,5,2,1,2,5,0,2,0,1,1,3,2.6666666666666700,2.6666666666666700,6
945,4,5,3,5,4,3,0,2,0,1,1,1,4.0,4.0,4
946,2,1,3,2,2,5,1,3,1,1,2,2,2.0,3.0,8
947,5,1,1,4,3,1,1,2,0,1,4,2,2.3333333333333300,2.6666666666666700,9
948,3,3,4,4,3,3,1,3,1,1,1,3,3.3333333333333300,3.3333333333333300,8
949,2,3,1,2,5,3,0,3,1,1,4,2,2.0,3.3333333333333300,9
950,1,1,1,4,2,1,1,1,1,0,2,1,1.0,2.3333333333333300,5
951,5,5,3,3,5,2,0,1,1,0,4,2,4.333333333333330,3.3333333333333300,7
952,2,1,5,1,5,5,0,1,1,0,4,3,2.6666666666666700,3.6666666666666700,8
953,3,1,3,2,4,1,1,3,1,1,4,3,2.3333333333333300,2.3333333333333300,11
954,5,2,3,5,4,4,1,1,1,0,3,2,3.3333333333333300,4.333333333333330,7
955,2,1,3,1,5,1,0,3,1,1,1,1,2.0,2.3333333333333300,5
956,4,3,2,2,1,2,1,3,1,1,1,3,3.0,1.6666666666666700,8
957,3,5,5,4,2,1,0,3,1,1,2,2,4.333333333333330,2.3333333333333300,7
958,1,4,2,5,4,1,1,3,1,1,4,2,2.3333333333333300,3.3333333333333300,10
959,1,1,1,2,3,4,1,3,1,1,3,2,1.0,3.0,9
960,2,1,1,4,1,3,0,2,0,1,4,3,1.3333333333333300,2.6666666666666700,9
961,2,1,2,4,5,1,1,2,0,1,5,2,1.6666666666666700,3.3333333333333300,10
962,5,5,2,2,3,2,1,3,1,1,5,1,4.0,2.3333333333333300,10
963,3,2,1,4,5,4,1,1,1,0,5,3,2.0,4.333333333333330,10
964,3,3,3,2,1,3,1,3,1,1,4,3,3.0,2.0,11
965,3,5,2,4,4,5,0,2,0,1,5,1,3.3333333333333300,4.333333333333330,8
966,5,3,2,1,2,4,0,1,1,0,1,2,3.3333333333333300,2.3333333333333300,4
967,4,5,4,1,5,4,0,3,1,1,1,2,4.333333333333330,3.3333333333333300,6
968,2,4,1,4,2,5,1,2,0,1,2,1,2.3333333333333300,3.6666666666666700,6
969,4,5,1,4,4,2,0,1,1,0,4,3,3.3333333333333300,3.3333333333333300,8
970,3,4,4,1,3,1,0,1,1,0,5,3,3.6666666666666700,1.6666666666666700,9
971,3,1,4,3,5,4,0,3,1,1,4,1,2.6666666666666700,4.0,8
972,1,2,2,5,2,3,0,3,1,1,1,3,1.6666666666666700,3.3333333333333300,7
973,5,2,5,2,2,5,1,2,0,1,4,3,4.0,3.0,10
974,2,4,5,4,4,3,1,2,0,1,4,2,3.6666666666666700,3.6666666666666700,9
975,2,4,1,1,2,1,0,1,1,0,2,3,2.3333333333333300,1.3333333333333300,6
976,5,4,3,4,3,2,1,1,1,0,1,1,4.0,3.0,4
977,3,4,2,2,4,4,0,2,0,1,4,2,3.0,3.3333333333333300,8
978,2,4,5,2,5,4,0,1,1,0,4,1,3.6666666666666700,3.6666666666666700,6
979,3,4,3,5,5,5,1,2,0,1,5,3,3.3333333333333300,5.0,11
980,1,4,5,5,3,3,1,2,0,1,3,1,3.3333333333333300,3.6666666666666700,7
981,3,5,1,5,5,5,0,1,1,0,3,3,3.0,5.0,7
982,2,2,2,2,1,1,0,3,1,1,2,1,2.0,1.3333333333333300,6
983,3,3,2,3,4,3,0,1,1,0,5,1,2.6666666666666700,3.3333333333333300,7
984,1,2,3,3,2,3,0,2,0,1,2,3,2.0,2.6666666666666700,7
985,1,1,5,4,4,3,1,2,0,1,4,3,2.3333333333333300,3.6666666666666700,10
986,4,4,5,4,4,3,0,3,1,1,4,2,4.333333333333330,3.6666666666666700,9
987,4,1,3,3,2,4,1,2,0,1,2,3,2.6666666666666700,3.0,8
988,5,3,1,2,4,2,1,3,1,1,4,1,3.0,2.6666666666666700,9
989,1,2,1,3,2,3,0,2,0,1,1,3,1.3333333333333300,2.6666666666666700,6
990,1,3,3,3,1,3,0,3,1,1,1,3,2.3333333333333300,2.3333333333333300,7
991,5,5,1,4,3,5,1,1,1,0,5,1,3.6666666666666700,4.0,8
992,5,5,4,2,5,4,1,1,1,0,3,3,4.666666666666670,3.6666666666666700,8
993,2,4,3,3,5,4,1,1,1,0,4,1,3.0,4.0,7
994,4,3,1,2,4,5,1,3,1,1,3,1,2.6666666666666700,3.6666666666666700,8
995,3,3,3,4,2,3,1,1,1,0,1,1,3.0,3.0,4
996,2,2,3,4,1,1,0,1,1,0,1,2,2.3333333333333300,2.0,4
997,5,4,5,4,3,3,1,2,0,1,3,1,4.666666666666670,3.3333333333333300,7
998,2,1,2,1,4,5,1,2,0,1,1,2,1.6666666666666700,3.3333333333333300,6
999,4,4,4,1,3,3,0,3,1,1,3,3,4.0,2.3333333333333300,9
1000,5,4,2,2,2,1,1,3,1,1,4,2,3.6666666666666700,1.6666666666666700,10
1001,4,3,1,4,5,5,1,1,1,0,2,1,2.6666666666666700,4.666666666666670,5
1002,1,3,1,3,1,3,0,2,0,1,5,1,1.6666666666666700,2.3333333333333300,8
1003,5,3,5,1,1,5,1,3,1,1,4,2,4.333333333333330,2.3333333333333300,10
1004,5,2,4,2,4,5,1,3,1,1,4,1,3.6666666666666700,3.6666666666666700,9
1005,4,1,4,4,1,2,0,3,1,1,3,2,3.0,2.3333333333333300,8
1006,5,1,2,2,4,1,0,1,1,0,4,2,2.6666666666666700,2.3333333333333300,7
1007,3,1,3,5,4,2,1,1,1,0,3,3,2.3333333333333300,3.6666666666666700,8
1008,4,5,2,4,1,2,1,3,1,1,4,3,3.6666666666666700,2.3333333333333300,11
1009,4,4,4,5,5,5,0,2,0,1,5,1,4.0,5.0,8
1010,4,1,2,5,2,1,0,3,1,1,1,3,2.3333333333333300,2.6666666666666700,7
1011,2,5,5,3,4,4,0,1,1,0,4,1,4.0,3.6666666666666700,6
1012,2,1,1,4,1,2,1,1,1,0,1,1,1.3333333333333300,2.3333333333333300,4
1013,1,1,2,2,4,3,1,3,1,1,1,2,1.3333333333333300,3.0,7
1014,5,2,4,5,2,3,0,1,1,0,2,2,3.6666666666666700,3.3333333333333300,5
1015,2,4,1,5,5,1,0,1,1,0,2,2,2.3333333333333300,3.6666666666666700,5
1016,5,1,2,4,4,2,0,1,1,0,3,1,2.6666666666666700,3.3333333333333300,5
1017,3,4,5,2,5,3,1,1,1,0,2,2,4.0,3.3333333333333300,6
1018,1,2,3,4,5,3,0,3,1,1,1,1,2.0,4.0,5
1019,2,5,2,2,5,5,1,3,1,1,1,1,3.0,4.0,6
1020,4,1,1,5,4,2,1,3,1,1,5,1,2.0,3.6666666666666700,10
1021,4,1,3,2,3,3,0,3,1,1,5,3,2.6666666666666700,2.6666666666666700,11
1022,5,5,4,5,2,2,1,1,1,0,4,1,4.666666666666670,3.0,7
1023,2,2,4,5,5,2,1,2,0,1,5,1,2.6666666666666700,4.0,9
1024,4,4,2,4,4,3,1,2,0,1,1,2,3.3333333333333300,3.6666666666666700,6
1025,4,1,4,1,3,2,1,2,0,1,1,2,3.0,2.0,6
1026,5,2,1,4,2,1,0,1,1,0,4,1,2.6666666666666700,2.3333333333333300,6
1027,3,2,1,3,4,4,0,2,0,1,1,3,2.0,3.6666666666666700,6
1028,3,3,4,4,4,1,1,2,0,1,2,3,3.3333333333333300,3.0,8
1029,4,1,2,4,3,4,1,2,0,1,3,2,2.3333333333333300,3.6666666666666700,8
1030,5,1,1,1,2,2,1,2,0,1,2,3,2.3333333333333300,1.6666666666666700,8
1031,5,5,3,4,1,3,0,3,1,1,5,2,4.333333333333330,2.6666666666666700,10
1032,4,5,3,5,5,3,1,1,1,0,3,1,4.0,4.333333333333330,6
1033,2,3,4,4,3,2,0,1,1,0,3,1,3.0,3.0,5
1034,2,1,1,1,1,4,1,1,1,0,1,1,1.3333333333333300,2.0,4
1035,3,4,3,2,5,3,0,1,1,0,4,3,3.3333333333333300,3.3333333333333300,8
1036,1,3,4,2,4,1,1,2,0,1,5,2,2.6666666666666700,2.3333333333333300,10
1037,1,2,3,4,2,1,1,2,0,1,5,1,2.0,2.3333333333333300,9
1038,4,5,4,1,3,2,0,2,0,1,1,1,4.333333333333330,2.0,4
1039,4,5,2,3,5,1,1,1,1,0,5,3,3.6666666666666700,3.0,10
1040,5,1,3,4,3,5,1,2,0,1,4,1,3.0,4.0,8
1041,3,5,3,1,1,2,0,3,1,1,1,3,3.6666666666666700,1.3333333333333300,7
1042,5,1,1,4,1,4,0,2,0,1,3,1,2.3333333333333300,3.0,6
1043,5,1,1,2,1,3,0,1,1,0,4,2,2.3333333333333300,2.0,7
1044,3,3,1,2,2,3,1,3,1,1,1,1,2.3333333333333300,2.3333333333333300,6
1045,2,5,5,1,5,1,1,1,1,0,5,1,4.0,2.3333333333333300,8
1046,5,1,4,5,1,5,0,2,0,1,2,2,3.3333333333333300,3.6666666666666700,6
1047,5,3,2,1,1,4,1,2,0,1,3,2,3.3333333333333300,2.0,8
1048,1,1,2,2,1,5,1,3,1,1,3,1,1.3333333333333300,2.6666666666666700,8
1049,5,2,3,3,4,4,1,3,1,1,2,1,3.3333333333333300,3.6666666666666700,7
1050,3,4,5,1,5,4,0,1,1,0,5,3,4.0,3.3333333333333300,9
1051,5,2,3,4,5,5,1,1,1,0,2,3,3.3333333333333300,4.666666666666670,7
1052,2,4,1,5,4,3,0,2,0,1,4,3,2.3333333333333300,4.0,9
1053,4,5,1,3,3,5,1,2,0,1,4,3,3.3333333333333300,3.6666666666666700,10
1054,5,5,3,2,1,5,1,1,1,0,4,2,4.333333333333330,2.6666666666666700,8
1055,3,3,4,1,4,1,1,2,0,1,2,2,3.3333333333333300,2.0,7
1056,5,4,3,2,3,4,1,1,1,0,1,1,4.0,3.0,4
1057,5,4,5,5,1,3,1,3,1,1,4,1,4.666666666666670,3.0,9
1058,2,4,3,4,4,4,0,2,0,1,3,2,3.0,4.0,7
1059,4,1,1,4,3,4,0,1,1,0,3,1,2.0,3.6666666666666700,5
1060,2,1,1,3,2,5,1,1,1,0,2,2,1.3333333333333300,3.3333333333333300,6
1061,5,3,1,2,3,5,0,2,0,1,4,3,3.0,3.3333333333333300,9
1062,3,3,2,1,5,5,0,3,1,1,1,3,2.6666666666666700,3.6666666666666700,7
1063,4,3,2,3,3,5,1,2,0,1,4,2,3.0,3.6666666666666700,9
1064,1,4,5,5,1,4,0,1,1,0,2,3,3.3333333333333300,3.3333333333333300,6
1065,2,1,5,4,3,1,0,2,0,1,4,2,2.6666666666666700,2.6666666666666700,8
1066,2,3,5,1,1,3,0,2,0,1,5,2,3.3333333333333300,1.6666666666666700,9
1067,1,5,1,3,1,1,0,2,0,1,3,2,2.3333333333333300,1.6666666666666700,7
1068,3,1,4,5,5,2,1,2,0,1,1,2,2.6666666666666700,4.0,6
1069,3,1,4,3,3,5,1,2,0,1,3,2,2.6666666666666700,3.6666666666666700,8
1070,4,3,4,5,1,1,0,1,1,0,3,3,3.6666666666666700,2.3333333333333300,7
1071,4,2,1,5,3,3,0,1,1,0,4,2,2.3333333333333300,3.6666666666666700,7
1072,4,1,3,3,1,3,1,3,1,1,5,2,2.6666666666666700,2.3333333333333300,11
1073,5,5,3,5,1,5,0,1,1,0,3,1,4.333333333333330,3.6666666666666700,5
1074,4,4,5,2,4,4,0,2,0,1,3,2,4.333333333333330,3.3333333333333300,7
1075,5,5,5,5,4,3,0,3,1,1,5,3,5.0,4.0,11
1076,1,4,5,4,3,3,0,3,1,1,5,3,3.3333333333333300,3.3333333333333300,11
1077,3,4,3,4,2,3,0,3,1,1,3,1,3.3333333333333300,3.0,7
1078,2,3,2,3,4,1,0,2,0,1,4,1,2.3333333333333300,2.6666666666666700,7
1079,5,3,1,5,3,1,1,1,1,0,1,2,3.0,3.0,5
1080,2,4,5,5,4,3,1,1,1,0,4,2,3.6666666666666700,4.0,8
1081,3,5,3,4,5,5,1,3,1,1,3,2,3.6666666666666700,4.666666666666670,9
1082,3,2,4,1,3,3,0,3,1,1,4,1,3.0,2.3333333333333300,8
1083,1,4,4,4,3,3,0,2,0,1,3,1,3.0,3.3333333333333300,6
1084,4,2,4,1,4,1,0,1,1,0,2,2,3.3333333333333300,2.0,5
1085,3,5,2,1,3,4,0,2,0,1,2,2,3.3333333333333300,2.6666666666666700,6
1086,3,3,5,1,3,5,0,2,0,1,5,3,3.6666666666666700,3.0,10
1087,4,3,2,1,3,1,1,1,1,0,5,3,3.0,1.6666666666666700,10
1088,2,3,1,4,4,2,0,2,0,1,2,2,2.0,3.3333333333333300,6
1089,2,2,4,4,5,2,0,2,0,1,1,2,2.6666666666666700,3.6666666666666700,5
1090,2,4,1,5,1,2,0,3,1,1,2,2,2.3333333333333300,2.6666666666666700,7
1091,4,3,3,4,5,1,1,1,1,0,2,3,3.3333333333333300,3.3333333333333300,7